date,series,preprocessing.y,preprocessing.y_f,preprocessing.y_ef,preprocessing.yc,preprocessing.yc_f,preprocessing.yc_ef,preprocessing.l,preprocessing.y_lin,preprocessing.y_lin_f,preprocessing.ycal,preprocessing.ycal_f,preprocessing.det,preprocessing.det_f,preprocessing.l_f,preprocessing.l_b,preprocessing.cal,preprocessing.cal_f,preprocessing.tde,preprocessing.tde_f,preprocessing.mhe,preprocessing.mhe_f,preprocessing.ee,preprocessing.ee_f,preprocessing.omhe,preprocessing.omhe_f,preprocessing.out,preprocessing.out_f,preprocessing.out_i,preprocessing.out_i_f,preprocessing.out_t,preprocessing.out_t_f,preprocessing.out_s,preprocessing.out_s_f,preprocessing.reg,preprocessing.reg_f,preprocessing.reg_t,preprocessing.reg_t_f,preprocessing.reg_s,preprocessing.reg_s_f,preprocessing.reg_i,preprocessing.reg_i_f,preprocessing.reg_sa,preprocessing.reg_sa_f,preprocessing.reg_y,preprocessing.reg_y_f,preprocessing.reg_u,preprocessing.reg_u_f,preprocessing.fullresiduals,preprocessing.fcasts(-2),preprocessing.bcasts(-2),preprocessing.lin_fcasts(-2),preprocessing.lin_bcasts(-2),preprocessing.efcasts(-2),decomposition.y_cmp,decomposition.y_cmp_f,decomposition.t_cmp,decomposition.t_cmp_f,decomposition.sa_cmp,decomposition.s_cmp,decomposition.s_cmp_f,decomposition.i_cmp,decomposition.a-tables.a1,decomposition.a-tables.a1a,decomposition.a-tables.a6,decomposition.a-tables.a7,decomposition.a-tables.a8t,decomposition.a-tables.a8s,decomposition.a-tables.a8i,decomposition.a-tables.a8,decomposition.a-tables.a9,decomposition.a-tables.a9sa,decomposition.a-tables.a9u,decomposition.a-tables.a9ser,decomposition.b-tables.b1,decomposition.b-tables.b2,decomposition.b-tables.b3,decomposition.b-tables.b4,decomposition.b-tables.b5,decomposition.b-tables.b6,decomposition.b-tables.b7,decomposition.b-tables.b8,decomposition.b-tables.b9,decomposition.b-tables.b10,decomposition.b-tables.b11,decomposition.b-tables.b13,decomposition.b-tables.b17,decomposition.b-tables.b20,decomposition.d-tables.d1,decomposition.d-tables.d2,decomposition.d-tables.d4,decomposition.d-tables.d5,decomposition.d-tables.d6,decomposition.d-tables.d7,decomposition.d-tables.d8,decomposition.d-tables.d9,decomposition.d-tables.d10_lin,decomposition.d-tables.d11_lin,decomposition.d-tables.d12_lin,decomposition.d-tables.d13_lin,decomposition.d-tables.d10,decomposition.d-tables.d11,decomposition.d-tables.d12,decomposition.d-tables.d13,decomposition.d-tables.d16,decomposition.d-tables.d18,decomposition.d-tables.d10a,decomposition.d-tables.d10a_lin,decomposition.d-tables.d11a,decomposition.d-tables.d11a_lin,decomposition.d-tables.d12a,decomposition.d-tables.d12a_lin,decomposition.d-tables.d16a,decomposition.c-tables.c1,decomposition.c-tables.c2,decomposition.c-tables.c4,decomposition.c-tables.c5,decomposition.c-tables.c6,decomposition.c-tables.c7,decomposition.c-tables.c9,decomposition.c-tables.c10,decomposition.c-tables.c11,decomposition.c-tables.c13,decomposition.c-tables.c17,decomposition.c-tables.c20,decomposition.e-tables.e1,decomposition.e-tables.e2,decomposition.e-tables.e3,decomposition.e-tables.e11,final.y,final.y_f,final.t,final.t_f,final.sa,final.sa_f,final.s,final.s_f,final.i,final.i_f
2013-01-01,,,,,,,,,,,,,,,,,,,,,,,,,,,,,,,,,,,,,,,,,,,,,,,,,,,114.0,,114.0,,,,,,,,,,,,,,,,,,,,,,,,,,,,,,,,,,,,,,,,,,,,,,,,,,,,,,,,,,,,,,,,,,,,,,,,,,,,,,,,,,,,,,
2013-02-01,,,,,,,,,,,,,,,,,,,,,,,,,,,,,,,,,,,,,,,,,,,,,,,,,,,118.25,,118.25,,,,,,,,,,,,,,,,,,,,,,,,,,,,,,,,,,,,,,,,,,,,,,,,,,,,,,,,,,,,,,,,,,,,,,,,,,,,,,,,,,,,,,
2013-03-01,,,,,,,,,,,,,,,,,,,,,,,,,,,,,,,,,,,,,,,,,,,,,,,,,,,121.5,,121.5,,,,,,,,,,,,,,,,,,,,,,,,,,,,,,,,,,,,,,,,,,,,,,,,,,,,,,,,,,,,,,,,,,,,,,,,,,,,,,,,,,,,,,
2013-04-01,,,,,,,,,,,,,,,,,,,,,,,,,,,,,,,,,,,,,,,,,,,,,,,,,,,119.75,,119.75,,,,,,,,,,,,,,,,,,,,,,,,,,,,,,,,,,,,,,,,,,,,,,,,,,,,,,,,,,,,,,,,,,,,,,,,,,,,,,,,,,,,,,
2013-05-01,,,,,,,,,,,,,,,,,,,,,,,,,,,,,,,,,,,,,,,,,,,,,,,,,,,117.0,,117.0,,,,,,,,,,,,,,,,,,,,,,,,,,,,,,,,,,,,,,,,,,,,,,,,,,,,,,,,,,,,,,,,,,,,,,,,,,,,,,,,,,,,,,
2013-06-01,,,,,,,,,,,,,,,,,,,,,,,,,,,,,,,,,,,,,,,,,,,,,,,,,,,114.25,,114.25,,,,,,,,,,,,,,,,,,,,,,,,,,,,,,,,,,,,,,,,,,,,,,,,,,,,,,,,,,,,,,,,,,,,,,,,,,,,,,,,,,,,,,
2013-07-01,,,,,,,,,,,,,,,,,,,,,,,,,,,,,,,,,,,,,,,,,,,,,,,,,,,112.5,,112.5,,,,,,,,,,,,,,,,,,,,,,,,,,,,,,,,,,,,,,,,,,,,,,,,,,,,,,,,,,,,,,,,,,,,,,,,,,,,,,,,,,,,,,
2013-08-01,,,,,,,,,,,,,,,,,,,,,,,,,,,,,,,,,,,,,,,,,,,,,,,,,,,113.75,,113.75,,,,,,,,,,,,,,,,,,,,,,,,,,,,,,,,,,,,,,,,,,,,,,,,,,,,,,,,,,,,,,,,,,,,,,,,,,,,,,,,,,,,,,
2013-09-01,,,,,,,,,,,,,,,,,,,,,,,,,,,,,,,,,,,,,,,,,,,,,,,,,,,117.0,,117.0,,,,,,,,,,,,,,,,,,,,,,,,,,,,,,,,,,,,,,,,,,,,,,,,,,,,,,,,,,,,,,,,,,,,,,,,,,,,,,,,,,,,,,
2013-10-01,,,,,,,,,,,,,,,,,,,,,,,,,,,,,,,,,,,,,,,,,,,,,,,,,,,119.25,,119.25,,,,,,,,,,,,,,,,,,,,,,,,,,,,,,,,,,,,,,,,,,,,,,,,,,,,,,,,,,,,,,,,,,,,,,,,,,,,,,,,,,,,,,
2013-11-01,,,,,,,,,,,,,,,,,,,,,,,,,,,,,,,,,,,,,,,,,,,,,,,,,,,122.5,,122.5,,,,,,,,,,,,,,,,,,,,,,,,,,,,,,,,,,,,,,,,,,,,,,,,,,,,,,,,,,,,,,,,,,,,,,,,,,,,,,,,,,,,,,
2013-12-01,,,,,,,,,,,,,,,,,,,,,,,,,,,,,,,,,,,,,,,,,,,,,,,,,,,118.75,,118.75,,,,,,,,,,,,,,,,,,,,,,,,,,,,,,,,,,,,,,,,,,,,,,,,,,,,,,,,,,,,,,,,,,,,,,,,,,,,,,,,,,,,,,
2014-01-01,,,,,,,,,,,,,,,,117.0,,,,,,,,,,,,,,,,,,,,,,,,,,,,,,,,,,,117.0,,117.0,,,,,,,,,,,,,,,,,,,,,,,,,,,,,,,,,,,,,,,,,,,,,,,,,,,,,,,,,,,,,,,,,,,,,,,,,,,,,,,,,,,,,,
2014-02-01,,,,,,,,,,,,,,,,121.25,,,,,,,,,,,,,,,,,,,,,,,,,,,,,,,,,,,121.25,,121.25,,,,,,,,,,,,,,,,,,,,,,,,,,,,,,,,,,,,,,,,,,,,,,,,,,,,,,,,,,,,,,,,,,,,,,,,,,,,,,,,,,,,,,
2014-03-01,,,,,,,,,,,,,,,,124.5,,,,,,,,,,,,,,,,,,,,,,,,,,,,,,,,,,,124.5,,124.5,,,,,,,,,,,,,,,,,,,,,,,,,,,,,,,,,,,,,,,,,,,,,,,,,,,,,,,,,,,,,,,,,,,,,,,,,,,,,,,,,,,,,,
2014-04-01,,,,,,,,,,,,,,,,122.75,,,,,,,,,,,,,,,,,,,,,,,,,,,,,,,,,,,122.75,,122.75,,,,,,,,,,,,,,,,,,,,,,,,,,,,,,,,,,,,,,,,,,,,,,,,,,,,,,,,,,,,,,,,,,,,,,,,,,,,,,,,,,,,,,
2014-05-01,,,,,,,,,,,,,,,,120.0,,,,,,,,,,,,,,,,,,,,,,,,,,,,,,,,,,,120.0,,120.0,,,,,,,,,,,,,,,,,,,,,,,,,,,,,,,,,,,,,,,,,,,,,,,,,,,,,,,,,,,,,,,,,,,,,,,,,,,,,,,,,,,,,,
2014-06-01,,,,,,,,,,,,,,,,117.25,,,,,,,,,,,,,,,,,,,,,,,,,,,,,,,,,,,117.25,,117.25,,,,,,,,,,,,,,,,,,,,,,,,,,,,,,,,,,,,,,,,,,,,,,,,,,,,,,,,,,,,,,,,,,,,,,,,,,,,,,,,,,,,,,
2014-07-01,,,,,,,,,,,,,,,,115.5,,,,,,,,,,,,,,,,,,,,,,,,,,,,,,,,,,,115.5,,115.5,,,,,,,,,,,,,,,,,,,,,,,,,,,,,,,,,,,,,,,,,,,,,,,,,,,,,,,,,,,,,,,,,,,,,,,,,,,,,,,,,,,,,,
2014-08-01,,,,,,,,,,,,,,,,116.75,,,,,,,,,,,,,,,,,,,,,,,,,,,,,,,,,,,116.75,,116.75,,,,,,,,,,,,,,,,,,,,,,,,,,,,,,,,,,,,,,,,,,,,,,,,,,,,,,,,,,,,,,,,,,,,,,,,,,,,,,,,,,,,,,
2014-09-01,,,,,,,,,,,,,,,,120.0,,,,,,,,,,,,,,,,,,,,,,,,,,,,,,,,,,,120.0,,120.0,,,,,,,,,,,,,,,,,,,,,,,,,,,,,,,,,,,,,,,,,,,,,,,,,,,,,,,,,,,,,,,,,,,,,,,,,,,,,,,,,,,,,,
2014-10-01,,,,,,,,,,,,,,,,122.25,,,,,,,,,,,,,,,,,,,,,,,,,,,,,,,,,,,122.25,,122.25,,,,,,,,,,,,,,,,,,,,,,,,,,,,,,,,,,,,,,,,,,,,,,,,,,,,,,,,,,,,,,,,,,,,,,,,,,,,,,,,,,,,,,
2014-11-01,,,,,,,,,,,,,,,,125.5,,,,,,,,,,,,,,,,,,,,,,,,,,,,,,,,,,,125.5,,125.5,,,,,,,,,,,,,,,,,,,,,,,,,,,,,,,,,,,,,,,,,,,,,,,,,,,,,,,,,,,,,,,,,,,,,,,,,,,,,,,,,,,,,,
2014-12-01,,,,,,,,,,,,,,,,121.75,,,,,,,,,,,,,,,,,,,,,,,,,,,,,,,,,,,121.75,,121.75,,,,,,,,,,,,,,,,,,,,,,,,,,,,,,,,,,,,,,,,,,,,,,,,,,,,,,,,,,,,,,,,,,,,,,,,,,,,,,,,,,,,,,
2015-01-01,120.0,120.0,,,120.0,,,120.0,120.0,,120.0,,0.0,,,,0.0,,0.0,,0.0,,0.0,,0.0,,0.0,,0.0,,0.0,,0.0,,0.0,,0.0,,0.0,,0.0,,0.0,,0.0,,0.0,,,,,,,,120.0,,122.03768190211862,,122.00305199142758,-2.0030519914275877,,-0.034629910691037935,120.0,,0.0,0.0,0.0,0.0,0.0,0.0,0.0,0.0,0.0,0.0,120.0,,,,-2.000000000000006,122.0,122.01783817851522,-2.0178381785152197,-1.999999999999993,-2.000055627645867,122.00005562764586,-0.017782550869355873,0.0,-0.017782550869355873,120.02584496546957,,,-2.000898355934615,122.02674332140418,122.03572623772446,-2.035726237724461,-2.009881272254887,-2.0030519914275877,122.00305199142758,122.03768190211862,-0.034629910691037935,-2.0030519914275877,122.00305199142758,122.03768190211862,-0.034629910691037935,-2.003051991427583,4.884981308350689e-15,,,,,,,,120.01778255086936,,,-1.9999876442888609,122.01777019515822,122.02855146209608,-2.0107689112267195,-2.002706496626499,122.0027064966265,-0.025844965469573822,0.0,-0.025844965469573822,120.03462991069104,122.03768190211862,0.0,122.00305199142758,120.0,,122.03768190211862,,122.00305199142758,,-2.0030519914275877,,-0.034629910691037935,
2015-02-01,124.25,124.25,,,124.25,,,124.25,124.25,,124.25,,0.0,,,,0.0,,0.0,,0.0,,0.0,,0.0,,0.0,,0.0,,0.0,,0.0,,0.0,,0.0,,0.0,,0.0,,0.0,,0.0,,0.0,,,,,,,,124.25,,122.26259283512175,,122.25117081989008,1.99882918010992,,-0.0114220152316733,124.25,,0.0,0.0,0.0,0.0,0.0,0.0,0.0,0.0,0.0,0.0,124.25,,,,1.9999999999999942,122.25,122.251570290903,1.998429709096996,1.999856703535804,1.9999037716892705,122.25009622831072,-0.001474062592279779,0.0,-0.001474062592279779,124.25574582671864,,,2.000129560914063,122.25561626580458,122.26148151161115,1.9885184883888485,1.9942643151074861,1.99882918010992,122.25117081989008,122.26259283512175,-0.0114220152316733,1.99882918010992,122.25117081989008,122.26259283512175,-0.0114220152316733,1.9988291801099223,2.220446049250313e-15,,,,,,,,124.25147406259228,,,2.000008534269373,122.25146552832291,122.2569541887736,1.9945198738186747,1.9987916379450261,122.25120836205497,-0.005745826718637659,0.0,-0.005745826718637659,124.26142201523167,122.26259283512175,0.0,122.25117081989008,124.25,,122.26259283512175,,122.25117081989008,,1.99882918010992,,-0.0114220152316733,
2015-03-01,127.5,127.5,,,127.5,,,127.5,127.5,,127.5,,0.0,,,,0.0,,0.0,,0.0,,0.0,,0.0,,0.0,,0.0,,0.0,,0.0,,0.0,,0.0,,0.0,,0.0,,0.0,,0.0,,0.0,,,,,,,,127.5,,122.50226161397715,,122.50010505546389,4.999894944536111,,-0.0021565585132634624,127.5,,0.0,0.0,0.0,0.0,0.0,0.0,0.0,0.0,0.0,0.0,127.5,,,,4.999999999999994,122.5,122.4983417111867,5.001658288813303,,5.000414220851236,122.49958577914876,0.001244067962062445,0.0,0.001244067962062445,127.5,,,5.000130577352852,122.49986942264715,122.5018975579288,4.9981024420712,,4.999894944536111,122.50010505546389,122.50226161397715,-0.0021565585132634624,4.999894944536111,122.50010505546389,122.50226161397715,-0.0021565585132634624,4.999894944536109,-1.7763568394002505e-15,,,,,,,,127.49875593203794,,,5.000009724815285,122.49874620722265,122.49966406569969,4.999091866338247,5.000089802978246,122.49991019702175,0.00024613132205786314,1.0,0.0,127.5,122.50010505546389,-0.0021565585132634624,122.50010505546389,127.5,,122.50226161397715,,122.50010505546389,,4.999894944536111,,-0.0021565585132634624,
2015-04-01,125.75,125.75,,,125.75,,,125.75,125.75,,125.75,,0.0,,,,0.0,,0.0,,0.0,,0.0,,0.0,,0.0,,0.0,,0.0,,0.0,,0.0,,0.0,,0.0,,0.0,,0.0,,0.0,,0.0,,,,,,,,125.75,,122.74856061630996,,122.74925564392117,3.000744356078827,,0.0006950276112149822,125.75,,0.0,0.0,0.0,0.0,0.0,0.0,0.0,0.0,0.0,0.0,125.75,,,,2.9999999999999996,122.75,122.74915899793598,3.0008410020640213,,3.0001826562722735,122.74981734372773,0.0006583457917486157,0.0997507543959967,0.0005926753023682616,125.75,,,3.000133071627722,122.74986692837228,122.74880502573342,3.001194974266582,,3.000744356078827,122.74925564392117,122.74856061630996,0.0006950276112149822,3.000744356078827,122.74925564392117,122.74856061630996,0.0006950276112149822,3.000744356078826,-8.881784197001252e-16,,,,,,,,125.74940732469763,,,3.0000105021028074,122.74939682259482,122.74825829884428,3.0011490258533513,3.000670099867974,122.74932990013203,0.0010716012877480807,1.0,0.0,125.75,122.74925564392117,0.0006950276112149822,122.74925564392117,125.75,,122.74856061630996,,122.74925564392117,,3.000744356078827,,0.0006950276112149822,
2015-05-01,123.0,123.0,,,123.0,,,123.0,123.0,,123.0,,0.0,,,,0.0,,0.0,,0.0,,0.0,,0.0,,0.0,,0.0,,0.0,,0.0,,0.0,,0.0,,0.0,,0.0,,0.0,,0.0,,0.0,,,,,,,,123.0,,122.99820242450053,,122.9992790364187,0.00072096358130652,,0.0010766119181653266,123.0,,0.0,0.0,0.0,0.0,0.0,0.0,0.0,0.0,0.0,0.0,123.0,,,,7.195889974422279e-17,123.0,122.99999999999999,1.4210854715202004e-14,,-5.5627645853835915e-05,123.00005562764585,5.562764586386493e-05,1.0,0.0,123.0,,,0.0001355659026017259,122.9998644340974,122.99878771650178,0.0012122834982193353,,0.00072096358130652,122.9992790364187,122.99820242450053,0.0010766119181653266,0.00072096358130652,122.9992790364187,122.99820242450053,0.0010766119181653266,0.0007209635813012483,-5.271716223276268e-15,,,,,,,,123.0,,,1.0654539871218577e-05,122.99998934546012,122.99898168511771,0.001018314882287541,0.000623724397583053,122.99937627560242,0.0003945904847029169,1.0,0.0,123.0,122.9992790364187,0.0010766119181653266,122.9992790364187,123.0,,122.99820242450053,,122.9992790364187,,0.00072096358130652,,0.0010766119181653266,
2015-06-01,120.25,120.25,,,120.25,,,120.25,120.25,,120.25,,0.0,,,,0.0,,0.0,,0.0,,0.0,,0.0,,0.0,,0.0,,0.0,,0.0,,0.0,,0.0,,0.0,,0.0,,0.0,,0.0,,0.0,,,,,,,,120.25,,123.24920781579635,,123.24959454103563,-2.9995945410356413,,0.00038672523928084956,120.25,,0.0,0.0,0.0,0.0,0.0,0.0,0.0,0.0,0.0,0.0,120.25,,,,-2.9999999999999774,123.24999999999997,123.24999999999999,-2.999999999999986,,-3.000055627645858,123.25005562764586,5.562764587807578e-05,1.0,0.0,120.25,,,-2.9998619398225124,123.24986193982251,123.24980948641982,-2.999809486419821,,-2.9995945410356413,123.24959454103563,123.24920781579635,0.00038672523928084956,-2.9995945410356413,123.24959454103563,123.24920781579635,0.00038672523928084956,-2.999594541035634,7.105427357601002e-15,,,,,,,,120.25,,,-2.999989345460106,123.24998934546011,123.24994431284361,-2.99994431284361,-2.999658420385987,123.24965842038598,-0.00028589245762589144,1.0,0.0,120.25,123.24959454103563,0.00038672523928084956,123.24959454103563,120.25,,123.24920781579635,,123.24959454103563,,-2.9995945410356413,,0.00038672523928084956,
2015-07-01,118.5,118.5,,,118.5,,,118.5,118.5,,118.5,,0.0,,,,0.0,,0.0,,0.0,,0.0,,0.0,,0.0,,0.0,,0.0,,0.0,,0.0,,0.0,,0.0,,0.0,,0.0,,0.0,,0.0,,,,,,,,118.5,,123.49961835011268,,123.4997013889188,-4.999701388918797,,8.303880611038039e-05,118.5,,0.0,0.0,0.0,0.0,0.0,0.0,0.0,0.0,0.0,0.0,118.5,123.49999999999999,-4.999999999999986,,-4.999999999999994,123.5,123.49999999999997,-4.999999999999972,,-5.000055627645861,123.50005562764586,5.562764589228664e-05,1.0,0.0,118.5,123.50145635369478,-5.001456353694778,-5.00049665488908,123.50049665488908,123.50009786633807,-5.000097866338066,,-4.999701388918797,123.4997013889188,123.49961835011268,8.303880611038039e-05,-4.999701388918797,123.4997013889188,123.49961835011268,8.303880611038039e-05,-4.999701388918794,2.6645352591003757e-15,,,,,,,,118.5,123.50071071623022,-5.000710716230216,-5.000277195345609,123.5002771953456,123.5001258316713,-5.000125831671298,-4.999711825854775,123.49971182585477,-0.0004140058165233995,1.0,0.0,118.5,123.4997013889188,8.303880611038039e-05,123.4997013889188,118.5,,123.49961835011268,,123.4997013889188,,-4.999701388918797,,8.303880611038039e-05,
2015-08-01,119.75,119.75,,,119.75,,,119.75,119.75,,119.75,,0.0,,,,0.0,,0.0,,0.0,,0.0,,0.0,,0.0,,0.0,,0.0,,0.0,,0.0,,0.0,,0.0,,0.0,,0.0,,0.0,,0.0,,,,,,,,119.75,,123.74970912341557,,123.74971688802148,-3.999716888021484,,7.76460591112027e-06,119.75,,0.0,0.0,0.0,0.0,0.0,0.0,0.0,0.0,0.0,0.0,119.75,123.75,-4.0,,-4.000000000000006,123.75,123.74999999999997,-3.9999999999999716,,-4.000055826668716,123.75005582666871,5.5826668742042784e-05,1.0,0.0,119.75,123.75004073192729,-4.000040731927285,-3.9999588986656693,123.74995889866567,123.75006281325459,-4.000062813254587,,-3.999716888021484,123.74971688802148,123.74970912341557,7.76460591112027e-06,-3.999716888021484,123.74971688802148,123.74970912341557,7.76460591112027e-06,-3.9997168880214815,2.6645352591003757e-15,,,,,,,,119.75,123.74990835733597,-3.9999083573359684,-3.9999503083886996,123.7499503083887,123.75006452335678,-4.000064523356784,-3.9997096635773985,123.74970966357739,-0.0003548597793923136,1.0,0.0,119.75,123.74971688802148,7.76460591112027e-06,123.74971688802148,119.75,,123.74970912341557,,123.74971688802148,,-3.999716888021484,,7.76460591112027e-06,
2015-09-01,123.0,123.0,,,123.0,,,123.0,123.0,,123.0,,0.0,,,,0.0,,0.0,,0.0,,0.0,,0.0,,0.0,,0.0,,0.0,,0.0,,0.0,,0.0,,0.0,,0.0,,0.0,,0.0,,0.0,,,,,,,,123.0,,123.99966139454357,,123.99968386491494,-0.9996838649149437,,2.247037137692587e-05,123.0,,0.0,0.0,0.0,0.0,0.0,0.0,0.0,0.0,0.0,0.0,123.0,123.99999999999999,-0.9999999999999858,,-0.9999999999999947,124.0,124.0,-1.0,,-1.0000537225126964,124.0000537225127,5.372251270330253e-05,1.0,0.0,123.0,123.99980132248066,-0.9998013224806641,-0.9998613614837071,123.99986136148371,124.00001735365487,-1.0000173536548687,,-0.9996838649149437,123.99968386491494,123.99966139454357,2.247037137692587e-05,-0.9996838649149437,123.99968386491494,123.99966139454357,2.247037137692587e-05,-0.9996838649149424,1.2212453270876722e-15,,,,,,,,123.0,123.99989877422638,-0.9998987742263807,-0.999946404158862,123.99994640415886,123.9999955710943,-0.9999955710943027,-0.9996873677304716,123.99968736773047,-0.0003082033638293069,1.0,0.0,123.0,123.99968386491494,2.247037137692587e-05,123.99968386491494,123.0,,123.99966139454357,,123.99968386491494,,-0.9996838649149437,,2.247037137692587e-05,
2015-10-01,125.25,125.25,,,125.25,,,125.25,125.25,,125.25,,0.0,,,,0.0,,0.0,,0.0,,0.0,,0.0,,0.0,,0.0,,0.0,,0.0,,0.0,,0.0,,0.0,,0.0,,0.0,,0.0,,0.0,,,,,,,,125.25,,124.24957254977424,,124.24962755603539,1.000372443964609,,5.500626114951501e-05,125.25,,0.0,0.0,0.0,0.0,0.0,0.0,0.0,0.0,0.0,0.0,125.25,124.25,1.0,,0.9999999999999938,124.25,124.25000000000001,0.9999999999999858,,0.9999497487246288,124.25005025127537,5.0251275354185054e-05,1.0,0.0,125.25,124.24980132248068,1.0001986775193217,1.0001386385162814,124.24986136148372,124.24987955111239,1.000120448887614,,1.000372443964609,124.24962755603539,124.24957254977424,5.500626114951501e-05,1.000372443964609,124.24962755603539,124.24957254977424,5.500626114951501e-05,1.0003724439646078,-1.1102230246251565e-15,,,,,,,,125.25,124.24997530519573,1.0000246948042673,1.000022416557322,124.24997758344267,124.24996581323633,1.0000341867636706,1.000329182247657,124.24967081775235,-0.0002949954839834845,1.0,0.0,125.25,124.24962755603539,5.500626114951501e-05,124.24962755603539,125.25,,124.24957254977424,,124.24962755603539,,1.000372443964609,,5.500626114951501e-05,
2015-11-01,128.5,128.5,,,128.5,,,128.5,128.5,,128.5,,0.0,,,,0.0,,0.0,,0.0,,0.0,,0.0,,0.0,,0.0,,0.0,,0.0,,0.0,,0.0,,0.0,,0.0,,0.0,,0.0,,0.0,,,,,,,,128.5,,124.4996493349393,,124.49958518463558,4.000414815364424,,-6.415030372863839e-05,128.5,,0.0,0.0,0.0,0.0,0.0,0.0,0.0,0.0,0.0,0.0,128.5,124.5,4.0,,3.999999999999994,124.5,124.50000000000001,3.999999999999986,,3.9999509167830474,124.50004908321695,4.908321693619655e-05,1.0,0.0,128.5,124.49980132248068,4.000198677519322,4.000138638516281,124.49986136148372,124.4996745141114,4.000325485888595,,4.000414815364424,124.49958518463558,124.4996493349393,-6.415030372863839e-05,4.000414815364424,124.49958518463558,124.4996493349393,-6.415030372863839e-05,4.000414815364422,-1.7763568394002505e-15,,,,,,,,128.5,124.5,4.0,4.000012355711139,124.49998764428886,124.4999685088499,4.0000314911500965,4.000330488497323,124.49966951150267,-0.0002989973472296015,1.0,0.0,128.5,124.49958518463558,-6.415030372863839e-05,124.49958518463558,128.5,,124.4996493349393,,124.49958518463558,,4.000414815364424,,-6.415030372863839e-05,
2015-12-01,124.75,124.75,,,124.75,,,124.75,124.75,,124.75,,0.0,,,,0.0,,0.0,,0.0,,0.0,,0.0,,0.0,,0.0,,0.0,,0.0,,0.0,,0.0,,0.0,,0.0,,0.0,,0.0,,0.0,,,,,,,,124.75,,124.7499466180545,,124.74957347698208,0.00042652301792066956,,-0.0003731410724157058,124.75,,0.0,0.0,0.0,0.0,0.0,0.0,0.0,0.0,0.0,0.0,124.75,124.74999999999999,1.4210854715202004e-14,,5.361966015226681e-15,124.75,124.74999999999997,2.842170943040401e-14,,-4.908321694456208e-05,124.75004908321695,4.9083216978829114e-05,1.0,0.0,124.75,124.74980132248066,0.00019867751933588806,0.00013863851628715456,124.74986136148371,124.74949907007792,0.0005009299220830599,,0.00042652301792066956,124.74957347698208,124.7499466180545,-0.0003731410724157058,0.00042652301792066956,124.74957347698208,124.7499466180545,-0.0003731410724157058,0.0004265230179214541,7.84528692010511e-16,,,,,,,,124.75,124.74999999999999,1.4210854715202004e-14,1.2355711150690706e-05,124.74998764428885,124.74998873125719,1.1268742809988908e-05,0.0003202469094357341,124.74967975309056,-0.0003089781666290037,1.0,0.0,124.75,124.74957347698208,-0.0003731410724157058,124.74957347698208,124.75,,124.7499466180545,,124.74957347698208,,0.00042652301792066956,,-0.0003731410724157058,
2016-01-01,123.0,123.0,,,123.0,,,123.0,123.0,,123.0,,0.0,,,,0.0,,0.0,,0.0,,0.0,,0.0,,0.0,,0.0,,0.0,,0.0,,0.0,,0.0,,0.0,,0.0,,0.0,,0.0,,0.0,,,,,,,,123.0,,125.0002689392835,,125.0026845041279,-2.0026845041279007,,0.002415564844397977,123.0,,0.0,0.0,0.0,0.0,0.0,0.0,0.0,0.0,0.0,0.0,123.0,125.0,-2.0,,-2.000000000000006,125.0,124.99999999999997,-1.9999999999999716,-1.999999999999993,-2.0000490832169406,125.00004908321694,4.908321696461826e-05,1.0,0.0,122.9976158697682,124.99980132248068,-2.0021854527124816,-2.000898355934615,124.9985142257028,124.999418466298,-1.9994184662979961,-2.0018025965297994,-2.0026845041279007,125.0026845041279,125.0002689392835,0.002415564844397977,-2.0026845041279007,125.0026845041279,125.0002689392835,0.002415564844397977,-2.002684504127899,1.7763568394002505e-15,,,,,,,,123.0,125.0,-2.0,-1.9999876442888609,124.99998764428886,124.99999066581204,-1.9999906658120352,-2.0023747960438447,125.00237479604384,0.002384130231803283,0.0,0.002384130231803283,122.9975844351556,125.0002689392835,0.0,125.0026845041279,123.0,,125.0002689392835,,125.0026845041279,,-2.0026845041279007,,0.002415564844397977,
2016-02-01,127.25,127.25,,,127.25,,,127.25,127.25,,127.25,,0.0,,,,0.0,,0.0,,0.0,,0.0,,0.0,,0.0,,0.0,,0.0,,0.0,,0.0,,0.0,,0.0,,0.0,,0.0,,0.0,,0.0,,0.0,,,,,,127.25,,125.25035174067163,,125.25102405522152,1.9989759447784734,,0.0006723145498881422,127.25,,0.0,0.0,0.0,0.0,0.0,0.0,0.0,0.0,0.0,0.0,127.25,125.25,2.0,,1.9999999999999942,125.25,125.25,2.0,,1.9999150926670022,125.250084907333,8.490733300448028e-05,1.0,0.0,127.25,125.24980132248068,2.0001986775193217,2.000129560914063,125.24987043908594,125.24950803338139,2.000491966618611,,1.9989759447784734,125.25102405522152,125.25035174067163,0.0006723145498881422,1.9989759447784734,125.25102405522152,125.25035174067163,0.0006723145498881422,1.9989759447784792,5.773159728050814e-15,,,,,,,,127.25,125.25,2.0,2.000008534269373,125.24999146573063,125.2499901542436,2.000009845756395,1.9989466380035457,125.25105336199645,0.0010632077528498485,1.0,0.0,127.25,125.25102405522152,0.0006723145498881422,125.25102405522152,127.25,,125.25035174067163,,125.25102405522152,,1.9989759447784734,,0.0006723145498881422,
2016-03-01,130.5,130.5,,,130.5,,,130.5,130.5,,130.5,,0.0,,,,0.0,,0.0,,0.0,,0.0,,0.0,,0.0,,0.0,,0.0,,0.0,,0.0,,0.0,,0.0,,0.0,,0.0,,0.0,,0.0,,0.0,,,,,,130.5,,125.50011384252403,,125.50008131743749,4.999918682562512,,-3.25250865387261e-05,130.5,,0.0,0.0,0.0,0.0,0.0,0.0,0.0,0.0,0.0,0.0,130.5,125.5,5.0,,4.999999999999994,125.5,125.49999999999999,5.000000000000014,,5.000365488986386,125.49963451101361,-0.00036548898637533966,1.0,0.0,130.5,125.49980132248066,5.000198677519336,5.000130577352852,125.49986942264715,125.49969094152007,5.000309058479928,,4.999918682562512,125.50008131743749,125.50011384252403,-3.25250865387261e-05,4.999918682562512,125.50008131743749,125.50011384252403,-3.25250865387261e-05,4.999918682562509,-3.552713678800501e-15,,,,,,,,130.5,125.5,5.0,5.000009724815285,125.49999027518471,125.49998263987926,5.0000173601207365,5.000091930987854,125.49990806901215,-7.45708671132661e-05,1.0,0.0,130.5,125.50008131743749,-3.25250865387261e-05,125.50008131743749,130.5,,125.50011384252403,,125.50008131743749,,4.999918682562512,,-3.25250865387261e-05,
2016-04-01,128.75,128.75,,,128.75,,,128.75,128.75,,128.75,,0.0,,,,0.0,,0.0,,0.0,,0.0,,0.0,,0.0,,0.0,,0.0,,0.0,,0.0,,0.0,,0.0,,0.0,,0.0,,0.0,,0.0,,0.0,,,,,,128.75,,125.74972680712393,,125.7493291935357,3.0006708064642966,,-0.0003976135882339804,128.75,,0.0,0.0,0.0,0.0,0.0,0.0,0.0,0.0,0.0,0.0,128.75,125.74999999999999,3.000000000000014,,2.9999999999999996,125.75,125.74999999999999,3.000000000000014,,3.000161167299065,125.74983883270093,-0.00016116729905490956,1.0,0.0,128.75,125.74980132248068,3.0001986775193217,3.000133071627722,125.74986692837228,125.7498715256777,3.0001284743222953,,3.0006708064642966,125.7493291935357,125.74972680712393,-0.0003976135882339804,3.0006708064642966,125.7493291935357,125.74972680712393,-0.0003976135882339804,3.0006708064642993,2.6645352591003757e-15,,,,,,,,128.75,125.74999999999999,3.000000000000014,3.0000105021028074,125.74998949789719,125.7499891294925,3.000010870507495,3.000604079958188,125.7493959200418,-0.0005932094506988506,1.0,0.0,128.75,125.7493291935357,-0.0003976135882339804,125.7493291935357,128.75,,125.74972680712393,,125.7493291935357,,3.0006708064642966,,-0.0003976135882339804,
2016-05-01,126.0,126.0,,,126.0,,,126.0,126.0,,126.0,,0.0,,,,0.0,,0.0,,0.0,,0.0,,0.0,,0.0,,0.0,,0.0,,0.0,,0.0,,0.0,,0.0,,0.0,,0.0,,0.0,,0.0,,0.0,,,,,,126.0,,125.99947450959435,,125.99934846905872,0.0006515309412865896,,-0.00012604053563336493,126.0,,0.0,0.0,0.0,0.0,0.0,0.0,0.0,0.0,0.0,0.0,126.0,125.99999999999999,1.4210854715202004e-14,,7.195889974422279e-17,126.0,125.99999999999997,2.842170943040401e-14,,-4.908321692941679e-05,126.00004908321694,4.908321696461826e-05,1.0,0.0,126.0,125.99980132248066,0.00019867751933588806,0.0001355659026017259,125.9998644340974,125.99996808110852,3.1918891480131606e-05,,0.0006515309412865896,125.99934846905872,125.99947450959435,-0.00012604053563336493,0.0006515309412865896,125.99934846905872,125.99947450959435,-0.00012604053563336493,0.0006515309412833403,-3.2492454907218082e-15,,,,,,,,126.0,125.99999999999999,1.4210854715202004e-14,1.0654539871218577e-05,125.99998934546012,126.00001267710572,-1.2677105715397374e-05,0.0005633692479574052,125.99943663075204,-0.0005760463536716998,1.0,0.0,126.0,125.99934846905872,-0.00012604053563336493,125.99934846905872,126.0,,125.99947450959435,,125.99934846905872,,0.0006515309412865896,,-0.00012604053563336493,
2016-06-01,123.25,123.25,,,123.25,,,123.25,123.25,,123.25,,0.0,,,,0.0,,0.0,,0.0,,0.0,,0.0,,0.0,,0.0,,0.0,,0.0,,0.0,,0.0,,0.0,,0.0,,0.0,,0.0,,0.0,,0.0,,,,,,123.25,,126.24950857527439,,126.24962679027958,-2.9996267902795757,,0.00011821500518749417,123.25,,0.0,0.0,0.0,0.0,0.0,0.0,0.0,0.0,0.0,0.0,123.25,126.24999999999997,-2.9999999999999716,,-2.9999999999999774,126.24999999999997,126.24999999999997,-2.9999999999999716,,-3.0000490832169313,126.25004908321694,4.908321696461826e-05,1.0,0.0,123.25,126.24980132248065,-2.99980132248065,-2.9998619398225124,126.24986193982251,126.24999015058464,-2.9999901505846367,,-2.9996267902795757,126.24962679027958,126.24950857527439,0.00011821500518749417,-2.9996267902795757,126.24962679027958,126.24950857527439,0.00011821500518749417,-2.999626790279578,-2.220446049250313e-15,,,,,,,,123.25,126.24999999999997,-2.9999999999999716,-2.999989345460106,126.24998934546011,126.25003608879155,-3.0000360887915463,-2.999685451529965,126.24968545152997,-0.0003506372615760256,1.0,0.0,123.25,126.24962679027958,0.00011821500518749417,126.24962679027958,123.25,,126.24950857527439,,126.24962679027958,,-2.9996267902795757,,0.00011821500518749417,
2016-07-01,121.5,121.5,,,121.5,,,121.5,121.5,,121.5,,0.0,,,,0.0,,0.0,,0.0,,0.0,,0.0,,0.0,,0.0,,0.0,,0.0,,0.0,,0.0,,0.0,,0.0,,0.0,,0.0,,0.0,,0.0,,,,,,121.5,,126.49969430422715,,126.49976506700682,-4.999765067006813,,7.076277967144051e-05,121.5,,0.0,0.0,0.0,0.0,0.0,0.0,0.0,0.0,0.0,0.0,121.5,126.49999999999999,-4.999999999999986,,-4.9999999999999964,126.5,126.5,-5.0,,-5.000049083216936,126.50004908321694,4.908321693619655e-05,1.0,0.0,121.5,126.49989394374933,-4.999893943749328,-5.00029737891669,126.50029737891668,126.50004102738245,-5.000041027382451,,-4.999765067006813,126.49976506700682,126.49969430422715,7.076277967144051e-05,-4.999765067006813,126.49976506700682,126.49969430422715,7.076277967144051e-05,-4.99976506700682,-7.105427357601002e-15,,,,,,,,121.5,126.49999999999999,-4.999999999999986,-5.000173605223519,126.50017360522352,126.5000409427066,-5.000040942706605,-4.999777395403979,126.49977739540398,-0.00026354730262312387,1.0,0.0,121.5,126.49976506700682,7.076277967144051e-05,126.49976506700682,121.5,,126.49969430422715,,126.49976506700682,,-4.999765067006813,,7.076277967144051e-05,
2016-08-01,122.75,122.75,,,122.75,,,122.75,122.75,,122.75,,0.0,,,,0.0,,0.0,,0.0,,0.0,,0.0,,0.0,,0.0,,0.0,,0.0,,0.0,,0.0,,0.0,,0.0,,0.0,,0.0,,0.0,,0.0,,,,,,122.75,,126.74980827584432,,126.74982558615008,-3.999825586150077,,1.7310305764794975e-05,122.75,,0.0,0.0,0.0,0.0,0.0,0.0,0.0,0.0,0.0,0.0,122.75,126.75,-4.0,,-4.000000000000005,126.75,126.74999999999999,-3.999999999999986,,-4.000049680285527,126.75004968028553,4.968028554230841e-05,1.0,0.0,122.75,126.74998656501799,-3.9999865650179913,-3.999978882985551,126.74997888298554,126.75003408173072,-4.000034081730718,,-3.999825586150077,126.74982558615008,126.74980827584432,1.7310305764794975e-05,-3.999825586150077,126.74982558615008,126.74980827584432,1.7310305764794975e-05,-3.999825586150081,-3.9968028886505635e-15,,,,,,,,122.75,126.75,-4.0,-3.9999655862509407,126.74996558625094,126.75002283343349,-4.000022833433491,-3.9998232754958223,126.74982327549583,-0.00019955793766257557,1.0,0.0,122.75,126.74982558615008,1.7310305764794975e-05,126.74982558615008,122.75,,126.74980827584432,,126.74982558615008,,-3.999825586150077,,1.7310305764794975e-05,
2016-09-01,126.0,126.0,,,126.0,,,126.0,126.0,,126.0,,0.0,,,,0.0,,0.0,,0.0,,0.0,,0.0,,0.0,,0.0,,0.0,,0.0,,0.0,,0.0,,0.0,,0.0,,0.0,,0.0,,0.0,,0.0,,,,,,126.0,,126.99974064660057,,126.999819117091,-0.9998191170909918,,7.847049042197796e-05,126.0,,0.0,0.0,0.0,0.0,0.0,0.0,0.0,0.0,0.0,0.0,126.0,126.99999999999999,-0.9999999999999858,,-0.9999999999999963,127.0,126.99999999999999,-0.9999999999999858,,-1.0000433678174232,127.00004336781743,4.3367817440298495e-05,1.0,0.0,126.0,126.99998656501798,-0.9999865650179771,-0.9999143195948812,126.99991431959488,126.99995725429599,-0.9999572542959925,,-0.9998191170909918,126.999819117091,126.99974064660057,7.847049042197796e-05,-0.9998191170909918,126.999819117091,126.99974064660057,7.847049042197796e-05,-0.9998191170909934,-1.5543122344752192e-15,,,,,,,,126.0,126.99999999999999,-0.9999999999999858,-0.9999631017410424,126.99996310174105,126.99999426590306,-0.9999942659030552,-0.9998223855336509,126.99982238553365,-0.00017188036940751772,1.0,0.0,126.0,126.999819117091,7.847049042197796e-05,126.999819117091,126.0,,126.99974064660057,,126.999819117091,,-0.9998191170909918,,7.847049042197796e-05,
2016-10-01,128.25,128.25,,,128.25,,,128.25,128.25,,128.25,,0.0,,,,0.0,,0.0,,0.0,,0.0,,0.0,,0.0,,0.0,,0.0,,0.0,,0.0,,0.0,,0.0,,0.0,,0.0,,0.0,,0.0,,0.0,,,,,,128.25,,127.24972625123326,,127.24977147179153,1.0002285282084664,,4.522055827749227e-05,128.25,,0.0,0.0,0.0,0.0,0.0,0.0,0.0,0.0,0.0,0.0,128.25,127.25,1.0,,0.9999999999999946,127.25,127.24999999999999,1.0000000000000142,,0.9999670458945618,127.25003295410544,3.2954105449789495e-05,1.0,0.0,128.25,127.24998656501799,1.0000134349820087,1.0000881746799843,127.24991182532001,127.24991184926196,1.000088150738037,,1.0002285282084664,127.24977147179153,127.24972625123326,4.522055827749227e-05,1.0002285282084664,127.24977147179153,127.24972625123326,4.522055827749227e-05,1.000228528208467,6.661338147750939e-16,,,,,,,,128.25,127.25,1.0,1.0000170568965274,127.24998294310348,127.24997521849417,1.0000247815058287,1.000192932509925,127.24980706749008,-0.0001681510040896228,1.0,0.0,128.25,127.24977147179153,4.522055827749227e-05,127.24977147179153,128.25,,127.24972625123326,,127.24977147179153,,1.0002285282084664,,4.522055827749227e-05,
2016-11-01,131.5,131.5,,,131.5,,,131.5,131.5,,131.5,,0.0,,,,0.0,,0.0,,0.0,,0.0,,0.0,,0.0,,0.0,,0.0,,0.0,,0.0,,0.0,,0.0,,0.0,,0.0,,0.0,,0.0,,0.0,,,,,,131.5,,127.49994371345262,,127.4997269061379,4.000273093862106,,-0.00021680731472883963,131.5,,0.0,0.0,0.0,0.0,0.0,0.0,0.0,0.0,0.0,0.0,131.5,127.5,4.0,,3.9999999999999947,127.5,127.5,4.0,,3.9999705500698233,127.50002944993018,2.9449930181613126e-05,1.0,0.0,131.5,127.49998656501799,4.000013434982009,4.000090668954858,127.49990933104515,127.49995456226075,4.000045437739246,,4.000273093862106,127.4997269061379,127.49994371345262,-0.00021680731472883963,4.000273093862106,127.4997269061379,127.49994371345262,-0.00021680731472883963,4.000273093862106,0.0,,,,,,,,131.5,127.5,4.0,4.0000106545398655,127.49998934546014,127.49997741345297,4.000022586547033,4.000200459210081,127.49979954078992,-0.0001778726630448091,1.0,0.0,131.5,127.4997269061379,-0.00021680731472883963,127.4997269061379,131.5,,127.49994371345262,,127.4997269061379,,4.000273093862106,,-0.00021680731472883963,
2016-12-01,127.75,127.75,,,127.75,,,127.75,127.75,,127.75,,0.0,,,,0.0,,0.0,,0.0,,0.0,,0.0,,0.0,,0.0,,0.0,,0.0,,0.0,,0.0,,0.0,,0.0,,0.0,,0.0,,0.0,,0.0,,,,,,127.75,,127.75032569352435,,127.74971242303404,0.0002875769659582694,,-0.00061327049030524,127.75,,0.0,0.0,0.0,0.0,0.0,0.0,0.0,0.0,0.0,0.0,127.75,127.74999999999999,1.4210854715202004e-14,,3.785038126546134e-15,127.75,127.75,0.0,,-2.944993016813132e-05,127.75002944993017,2.9449930167402272e-05,1.0,0.0,127.75,127.74998656501799,1.3434982008675433e-05,9.316322973681703e-05,127.74990683677026,127.75004590816481,-4.5908164807428875e-05,,0.0002875769659582694,127.74971242303404,127.75032569352435,-0.00061327049030524,0.0002875769659582694,127.74971242303404,127.75032569352435,-0.00061327049030524,0.0002875769659596017,1.3322676295501878e-15,,,,,,,,127.75,127.74999999999999,1.4210854715202004e-14,1.0654539874931656e-05,127.74998934546012,127.74999163209164,8.36790836444834e-06,0.0001945699647006786,127.7498054300353,-0.00018620205634078957,1.0,0.0,127.75,127.74971242303404,-0.00061327049030524,127.74971242303404,127.75,,127.75032569352435,,127.74971242303404,,0.0002875769659582694,,-0.00061327049030524,
2017-01-01,126.0,126.0,,,126.0,,,126.0,126.0,,126.0,,0.0,,,,0.0,,0.0,,0.0,,0.0,,0.0,,0.0,,0.0,,0.0,,0.0,,0.0,,0.0,,0.0,,0.0,,0.0,,0.0,,0.0,,0.0,,,,,,126.0,,128.00061028467377,,128.00175535743736,-2.0017553574373714,,0.0011450727635917701,126.0,,0.0,0.0,0.0,0.0,0.0,0.0,0.0,0.0,0.0,0.0,126.0,128.0,-2.0,,-2.0000000000000053,128.0,127.99999999999999,-1.9999999999999858,-1.999999999999993,-2.0000294499301643,128.00002944993017,2.9449930181613126e-05,1.0,0.0,125.99983878021597,127.99998656501799,-2.0001477848020244,-2.0005917644042333,128.0004305446202,128.0000855885258,-2.000085588525797,-2.000246808309825,-2.0017553574373714,128.00175535743736,128.00061028467377,0.0011450727635917701,-2.0017553574373714,128.00175535743736,128.00061028467377,0.0011450727635917701,-2.0017553574373608,1.0658141036401503e-14,,,,,,,,126.0,128.0,-2.0,-1.9999937325973574,127.99999373259736,127.99999464009709,-1.9999946400970856,-2.0014234799318054,128.00142347993182,0.001428839834730411,0.8871673506647643,0.00016121978402835265,126.0,128.00175535743736,0.0011450727635917701,128.00175535743736,126.0,,128.00061028467377,,128.00175535743736,,-2.0017553574373714,,0.0011450727635917701,
2017-02-01,130.25,130.25,,,130.25,,,130.25,130.25,,130.25,,0.0,,,,0.0,,0.0,,0.0,,0.0,,0.0,,0.0,,0.0,,0.0,,0.0,,0.0,,0.0,,0.0,,0.0,,0.0,,0.0,,0.0,,0.0,,,,,,130.25,,128.25057015502497,,128.25059206658565,1.9994079334143324,,2.191156067965494e-05,130.25,,0.0,0.0,0.0,0.0,0.0,0.0,0.0,0.0,0.0,0.0,130.25,128.25,2.0,,1.9999999999999951,128.25,128.25,2.0,,1.9999490556001973,128.2500509443998,5.094439978847731e-05,1.0,0.0,130.25,128.249986565018,2.0000134349820087,2.000077530062698,128.2499224699373,128.25005629180362,1.9999437081963833,,1.9994079334143324,128.25059206658565,128.25057015502497,2.191156067965494e-05,1.9994079334143324,128.25059206658565,128.25057015502497,2.191156067965494e-05,1.9994079334143464,1.3988810110276972e-14,,,,,,,,130.25,128.25,2.0,2.000002445960876,128.2499975540391,128.24999579579435,2.000004204205652,1.9993685300910375,128.25063146990897,0.000635674114619178,1.0,0.0,130.25,128.25059206658565,2.191156067965494e-05,128.25059206658565,130.25,,128.25057015502497,,128.25059206658565,,1.9994079334143324,,2.191156067965494e-05,
2017-03-01,133.5,133.5,,,133.5,,,133.5,133.5,,133.5,,0.0,,,,0.0,,0.0,,0.0,,0.0,,0.0,,0.0,,0.0,,0.0,,0.0,,0.0,,0.0,,0.0,,0.0,,0.0,,0.0,,0.0,,0.0,,,,,,133.5,,128.5002177188682,,128.50002836314795,4.999971636852055,,-0.00018935572026634873,133.5,,0.0,0.0,0.0,0.0,0.0,0.0,0.0,0.0,0.0,0.0,133.5,128.5,5.0,,4.999999999999996,128.5,128.5,5.0,,5.000219293391831,128.49978070660816,-0.00021929339183657248,1.0,0.0,133.5,128.499986565018,5.000013434982009,5.000078670899468,128.49992132910054,128.49997329815253,5.000026701847474,,4.999971636852055,128.50002836314795,128.5002177188682,-0.00018935572026634873,4.999971636852055,128.50002836314795,128.5002177188682,-0.00018935572026634873,4.999971636852052,-2.6645352591003757e-15,,,,,,,,133.5,128.5,5.0,5.000003636506787,128.4999963634932,128.4999932380421,5.000006761957906,5.000056101909651,128.49994389809035,-4.933995174383199e-05,1.0,0.0,133.5,128.50002836314795,-0.00018935572026634873,128.50002836314795,133.5,,128.5002177188682,,128.50002836314795,,4.999971636852055,,-0.00018935572026634873,
2017-04-01,131.75,131.75,,,131.75,,,131.75,131.75,,131.75,,0.0,,,,0.0,,0.0,,0.0,,0.0,,0.0,,0.0,,0.0,,0.0,,0.0,,0.0,,0.0,,0.0,,0.0,,0.0,,0.0,,0.0,,0.0,,,,,,131.75,,128.74980352793986,,128.7495798228221,3.0004201771778733,,-0.00022370511774738588,131.75,,0.0,0.0,0.0,0.0,0.0,0.0,0.0,0.0,0.0,0.0,131.75,128.75,3.0,,2.999999999999999,128.75,128.75,3.0,,3.0000967003794403,128.74990329962057,-9.670037943010357e-05,1.0,0.0,131.75,128.749986565018,3.0000134349820087,3.00008128957232,128.7499187104277,128.74990877170274,3.000091228297265,,3.0004201771778733,128.7495798228221,128.74980352793986,-0.00022370511774738588,3.0004201771778733,128.7495798228221,128.74980352793986,-0.00022370511774738588,3.0004201771778867,1.3322676295501878e-14,,,,,,,,131.75,128.75,3.0,3.000004413794309,128.7499955862057,128.74999588305204,3.000004116947963,3.0003629518306303,128.74963704816938,-0.00035883488266108543,1.0,0.0,131.75,128.7495798228221,-0.00022370511774738588,128.7495798228221,131.75,,128.74980352793986,,128.7495798228221,,3.0004201771778733,,-0.00022370511774738588,
2017-05-01,129.0,129.0,,,129.0,,,129.0,129.0,,129.0,,0.0,,,,0.0,,0.0,,0.0,,0.0,,0.0,,0.0,,0.0,,0.0,,0.0,,0.0,,0.0,,0.0,,0.0,,0.0,,0.0,,0.0,,0.0,,,,,,129.0,,128.99961333651305,,128.9995957771127,0.0004042228873234318,,-1.755940036218817e-05,129.0,,0.0,0.0,0.0,0.0,0.0,0.0,0.0,0.0,0.0,0.0,129.0,129.0,0.0,,-9.231298852901767e-16,129.0,128.99999999999997,2.842170943040401e-14,,-2.944993015365401e-05,129.00002944993017,2.944993019582398e-05,1.0,0.0,129.0,128.999986565018,1.3434982008675433e-05,8.390824517986697e-05,128.9999160917548,128.99991680604523,8.319395476519276e-05,,0.0004042228873234318,128.9995957771127,128.99961333651305,-1.755940036218817e-05,0.0004042228873234318,128.9995957771127,128.99961333651305,-1.755940036218817e-05,0.00040422288731178924,-1.1642542398909717e-14,,,,,,,,129.0,129.0,0.0,4.566231372591954e-06,128.99999543376862,129.00000554683015,-5.546830152525217e-06,0.0003366170800798929,128.99966338291992,-0.0003421639102327845,1.0,0.0,129.0,128.9995957771127,-1.755940036218817e-05,128.9995957771127,129.0,,128.99961333651305,,128.9995957771127,,0.0004042228873234318,,-1.755940036218817e-05,
2017-06-01,126.25,126.25,,,126.25,,,126.25,126.25,,126.25,,0.0,,,,0.0,,0.0,,0.0,,0.0,,0.0,,0.0,,0.0,,0.0,,0.0,,0.0,,0.0,,0.0,,0.0,,0.0,,0.0,,0.0,,0.0,,,,,,126.25,,129.24970316068772,,129.24976761571912,-2.99976761571913,,6.44550314063963e-05,126.25,,0.0,0.0,0.0,0.0,0.0,0.0,0.0,0.0,0.0,0.0,126.25,129.24999999999997,-2.9999999999999716,,-2.999999999999976,129.24999999999997,129.25,-3.0,,-3.000029449930154,129.25002944993017,2.9449930167402272e-05,1.0,0.0,126.25,129.249986565018,-2.9999865650179913,-2.9999134730819494,129.24991347308196,129.2499764493713,-2.999976449371303,,-2.99976761571913,129.24976761571912,129.24970316068772,6.44550314063963e-05,-2.99976761571913,129.24976761571912,129.24970316068772,6.44550314063963e-05,-2.999767615719122,7.993605777301127e-15,,,,,,,,126.25,129.24999999999997,-2.9999999999999716,-2.9999954337686026,129.2499954337686,129.25001542235898,-3.0000154223589846,-2.999814705659227,129.24981470565922,-0.00020071669976573503,1.0,0.0,126.25,129.24976761571912,6.44550314063963e-05,129.24976761571912,126.25,,129.24970316068772,,129.24976761571912,,-2.99976761571913,,6.44550314063963e-05,
2017-07-01,124.5,124.5,,,124.5,,,124.5,124.5,,124.5,,0.0,,,,0.0,,0.0,,0.0,,0.0,,0.0,,0.0,,0.0,,0.0,,0.0,,0.0,,0.0,,0.0,,0.0,,0.0,,0.0,,0.0,,0.0,,,,,,124.5,,129.49982801860023,,129.4998702314809,-4.9998702314809185,,4.2212880686065546e-05,124.5,,0.0,0.0,0.0,0.0,0.0,0.0,0.0,0.0,0.0,0.0,124.5,129.5,-5.0,,-4.999999999999999,129.5,129.5,-5.0,,-5.000029449930164,129.50002944993017,2.9449930167402272e-05,1.0,0.0,124.5,129.499993282509,-4.999993282508996,-5.000119061209824,129.50011906120983,129.50000790891323,-5.000007908913233,,-4.9998702314809185,129.4998702314809,129.49982801860023,4.2212880686065546e-05,-4.9998702314809185,129.4998702314809,129.49982801860023,4.2212880686065546e-05,-4.999870231480912,6.217248937900877e-15,,,,,,,,124.5,129.5,-5.0,-5.000074402238652,129.50007440223865,129.5000175243788,-5.000017524378791,-4.999880739303614,129.49988073930362,-0.0001367850751705646,1.0,0.0,124.5,129.4998702314809,4.2212880686065546e-05,129.4998702314809,124.5,,129.49982801860023,,129.4998702314809,,-4.9998702314809185,,4.2212880686065546e-05,
2017-08-01,125.75,125.75,,,125.75,,,125.75,125.75,,125.75,,0.0,,,,0.0,,0.0,,0.0,,0.0,,0.0,,0.0,,0.0,,0.0,,0.0,,0.0,,0.0,,0.0,,0.0,,0.0,,0.0,,0.0,,0.0,,,,,,125.75,,129.7499075535765,,129.7499266424543,-3.9999266424543145,,1.908887782064994e-05,125.75,,0.0,0.0,0.0,0.0,0.0,0.0,0.0,0.0,0.0,0.0,125.75,129.75,-4.0,,-4.0000000000000036,129.75,129.74999999999997,-3.9999999999999716,,-4.000029947487322,129.75002994748732,2.994748734863606e-05,1.0,0.0,125.75,129.75,-4.0,-3.9999976849344194,129.7499976849344,129.7500143731925,-4.000014373192499,,-3.9999266424543145,129.7499266424543,129.7499075535765,1.908887782064994e-05,-3.9999266424543145,129.7499266424543,129.7499075535765,1.908887782064994e-05,-3.9999266424543123,2.220446049250313e-15,,,,,,,,125.75,129.75,-4.0,-3.999985251250405,129.7499852512504,129.75000978220984,-4.000009782209844,-3.999922293793344,129.74992229379333,-8.748841651140538e-05,1.0,0.0,125.75,129.7499266424543,1.908887782064994e-05,129.7499266424543,125.75,,129.7499075535765,,129.7499266424543,,-3.9999266424543145,,1.908887782064994e-05,
2017-09-01,129.0,129.0,,,129.0,,,129.0,129.0,,129.0,,0.0,,,,0.0,,0.0,,0.0,,0.0,,0.0,,0.0,,0.0,,0.0,,0.0,,0.0,,0.0,,0.0,,0.0,,0.0,,0.0,,0.0,,0.0,,,,,,129.0,,129.9998775395701,,129.9999216797533,-0.999921679753301,,4.41401832063093e-05,129.0,,0.0,0.0,0.0,0.0,0.0,0.0,0.0,0.0,0.0,0.0,129.0,130.0,-1.0,,-0.9999999999999996,130.0,130.0,-1.0,,-1.0000246870972316,130.00002468709724,2.4687097237574562e-05,1.0,0.0,129.0,130.0,-1.0,-0.9999684652119358,129.99996846521194,129.99998340284856,-0.9999834028485566,,-0.999921679753301,129.9999216797533,129.9998775395701,4.41401832063093e-05,-0.999921679753301,129.9999216797533,129.9998775395701,4.41401832063093e-05,-0.9999216797532995,1.5543122344752192e-15,,,,,,,,129.0,130.0,-1.0,-0.9999841864604476,129.99998418646044,129.99999748510288,-0.999997485102881,-0.9999251779972235,129.99992517799723,-7.230710565409026e-05,1.0,0.0,129.0,129.9999216797533,4.41401832063093e-05,129.9999216797533,129.0,,129.9998775395701,,129.9999216797533,,-0.999921679753301,,4.41401832063093e-05,
2017-10-01,131.25,131.25,,,131.25,,,131.25,131.25,,131.25,,0.0,,,,0.0,,0.0,,0.0,,0.0,,0.0,,0.0,,0.0,,0.0,,0.0,,0.0,,0.0,,0.0,,0.0,,0.0,,0.0,,0.0,,0.0,,,,,,131.25,,130.24987246729432,,130.24988855523833,1.0001114447616648,,1.6087944004539168e-05,131.25,,0.0,0.0,0.0,0.0,0.0,0.0,0.0,0.0,0.0,0.0,131.25,130.25,1.0,,0.9999999999999957,130.25,130.25,1.0,,0.9999839909960904,130.2500160090039,1.6009003900308016e-05,1.0,0.0,131.25,130.25,1.0,1.0000341534609154,130.24996584653908,130.2499664073092,1.0000335926908122,,1.0001114447616648,130.24988855523833,130.24987246729432,1.6087944004539168e-05,1.0001114447616648,130.24988855523833,130.24987246729432,1.6087944004539168e-05,1.0001114447616715,6.661338147750939e-15,,,,,,,,131.25,130.25,1.0,1.00000731009851,130.2499926899015,130.24998925798386,1.0000107420161441,1.0000861362161293,130.24991386378386,-7.539419999602615e-05,1.0,0.0,131.25,130.24988855523833,1.6087944004539168e-05,130.24988855523833,131.25,,130.24987246729432,,130.24988855523833,,1.0001114447616648,,1.6087944004539168e-05,
2017-11-01,134.5,134.5,,,134.5,,,134.5,134.5,,134.5,,0.0,,,,0.0,,0.0,,0.0,,0.0,,0.0,,0.0,,0.0,,0.0,,0.0,,0.0,,0.0,,0.0,,0.0,,0.0,,0.0,,0.0,,0.0,,,,,,134.5,,130.49998690246247,,130.4998634441778,4.000136555822201,,-0.0001234582846620924,134.5,,0.0,0.0,0.0,0.0,0.0,0.0,0.0,0.0,0.0,0.0,134.5,130.5,4.0,,3.9999999999999956,130.5,130.5,4.0,,3.999986911142139,130.50001308885786,1.3088857855336755e-05,1.0,0.0,134.5,130.5,4.0,4.000036772133772,130.49996322786623,130.49999265872253,4.000007341277467,,4.000136555822201,130.4998634441778,130.49998690246247,-0.0001234582846620924,4.000136555822201,130.4998634441778,130.49998690246247,-0.0001234582846620924,4.000136555822195,-6.217248937900877e-15,,,,,,,,134.5,130.5,4.0,4.000004566231369,130.49999543376862,130.4999903691983,4.0000096308017135,4.000092533231552,130.49990746676843,-8.290242985253826e-05,1.0,0.0,134.5,130.4998634441778,-0.0001234582846620924,130.4998634441778,134.5,,130.49998690246247,,130.4998634441778,,4.000136555822201,,-0.0001234582846620924,
2017-12-01,130.75,130.75,,,130.75,,,130.75,130.75,,130.75,,0.0,,,,0.0,,0.0,,0.0,,0.0,,0.0,,0.0,,0.0,,0.0,,0.0,,0.0,,0.0,,0.0,,0.0,,0.0,,0.0,,0.0,,0.0,,,,,,130.75,,130.7501819008748,,130.74986258965967,0.00013741034033279973,,-0.00031931121512229765,130.75,,0.0,0.0,0.0,0.0,0.0,0.0,0.0,0.0,0.0,0.0,130.75,130.75,0.0,,9.06682136777211e-16,130.75,130.75000000000003,-2.842170943040401e-14,,-1.308885785640257e-05,130.75001308885786,1.3088857826915046e-05,1.0,0.0,130.75,130.75,0.0,3.939080662891515e-05,130.74996060919338,130.75004269833764,-4.269833763714814e-05,,0.00013741034033279973,130.74986258965967,130.7501819008748,-0.00031931121512229765,0.00013741034033279973,130.74986258965967,130.7501819008748,-0.00031931121512229765,0.00013741034032932475,-3.4749763830332903e-15,,,,,,,,130.75,130.75,0.0,4.566231374366255e-06,130.74999543376862,130.74999699825761,3.001742385322359e-06,8.852809164298093e-05,130.74991147190835,-8.552634926672908e-05,1.0,0.0,130.75,130.74986258965967,-0.00031931121512229765,130.74986258965967,130.75,,130.7501819008748,,130.74986258965967,,0.00013741034033279973,,-0.00031931121512229765,
2018-01-01,129.0,129.0,,,129.0,,,129.0,129.0,,129.0,,0.0,,,,0.0,,0.0,,0.0,,0.0,,0.0,,0.0,,0.0,,0.0,,0.0,,0.0,,0.0,,0.0,,0.0,,0.0,,0.0,,0.0,,0.0,,,,,,129.0,,131.00032104703337,,131.0008797306844,-2.0008797306844115,,0.0005586836510360627,129.0,,0.0,0.0,0.0,0.0,0.0,0.0,0.0,0.0,0.0,0.0,129.0,131.0,-2.0,,-2.0000000000000036,131.0,131.0,-2.0,-1.9999999999999942,-2.000013088857851,131.00001308885786,1.3088857855336755e-05,1.0,0.0,129.0,131.0,-2.0,-2.0002662501122686,131.00026625011228,131.00006564371796,-2.00006564371796,,-2.0008797306844115,131.0008797306844,131.00032104703337,0.0005586836510360627,-2.0008797306844115,131.0008797306844,131.00032104703337,0.0005586836510360627,-2.000879730684403,8.43769498715119e-15,,,,,,,,129.0,131.0,-2.0,-1.9999987241215478,130.99999872412155,130.9999990409034,-1.9999990409033899,-2.0006315785475746,131.00063157854757,0.0006325376441793651,1.0,0.0,129.0,131.0008797306844,0.0005586836510360627,131.0008797306844,129.0,,131.00032104703337,,131.0008797306844,,-2.0008797306844115,,0.0005586836510360627,
2018-02-01,133.25,133.25,,,133.25,,,133.25,133.25,,133.25,,0.0,,,,0.0,,0.0,,0.0,,0.0,,0.0,,0.0,,0.0,,0.0,,0.0,,0.0,,0.0,,0.0,,0.0,,0.0,,0.0,,0.0,,0.0,,,,,,133.25,,131.25029094006985,,131.25025641497282,1.9997435850271872,,-3.4525097021287365e-05,133.25,,0.0,0.0,0.0,0.0,0.0,0.0,0.0,0.0,0.0,0.0,133.25,131.25,2.0,,1.9999999999999964,131.25,131.25,2.0,,1.9999773580445281,131.25002264195547,2.2641955467861408e-05,1.0,0.0,133.25,131.25,2.0,2.000028133213187,131.2499718667868,131.2500490933889,1.9999509066111045,,1.9997435850271872,131.25025641497282,131.25029094006985,-3.4525097021287365e-05,1.9997435850271872,131.25025641497282,131.25029094006985,-3.4525097021287365e-05,1.9997435850271756,-1.1546319456101628e-14,,,,,,,,133.25,131.25,2.0,1.999998409797127,131.25000159020288,131.2500001877134,1.9999998122866032,1.9997197134907232,131.25028028650928,0.00028009879588353215,1.0,0.0,133.25,131.25025641497282,-3.4525097021287365e-05,131.25025641497282,133.25,,131.25029094006985,,131.25025641497282,,1.9997435850271872,,-3.4525097021287365e-05,
2018-03-01,136.5,136.5,,,136.5,,,136.5,136.5,,136.5,,0.0,,,,0.0,,0.0,,0.0,,0.0,,0.0,,0.0,,0.0,,0.0,,0.0,,0.0,,0.0,,0.0,,0.0,,0.0,,0.0,,0.0,,0.0,,,,,,136.5,,131.50010421179752,,131.49999913618151,5.000000863818492,,-0.00010507561600547888,136.5,,0.0,0.0,0.0,0.0,0.0,0.0,0.0,0.0,0.0,0.0,136.5,131.5,5.0,,4.9999999999999964,131.5,131.49999999999997,5.000000000000028,,5.0000974637297,131.4999025362703,-9.746372967356365e-05,1.0,0.0,136.5,131.5,5.0,5.0000289888407625,131.49997101115923,131.50000506522474,4.999994934775259,,5.000000863818492,131.49999913618151,131.50010421179752,-0.00010507561600547888,5.000000863818492,131.49999913618151,131.50010421179752,-0.00010507561600547888,5.000000863818485,-7.105427357601002e-15,,,,,,,,136.5,131.5,5.0,4.999999302706561,131.50000069729344,131.50000076513803,4.999999234861974,5.000025637895301,131.4999743621047,-2.6403033331234838e-05,1.0,0.0,136.5,131.49999913618151,-0.00010507561600547888,131.49999913618151,136.5,,131.50010421179752,,131.49999913618151,,5.000000863818492,,-0.00010507561600547888,
2018-04-01,134.75,134.75,,,134.75,,,134.75,134.75,,134.75,,0.0,,,,0.0,,0.0,,0.0,,0.0,,0.0,,0.0,,0.0,,0.0,,0.0,,0.0,,0.0,,0.0,,0.0,,0.0,,0.0,,0.0,,0.0,,,,,,134.75,,131.74989395327523,,131.74979469894444,3.000205301055572,,-9.925433079160939e-05,134.75,,0.0,0.0,0.0,0.0,0.0,0.0,0.0,0.0,0.0,0.0,134.75,131.75,3.0,,2.999999999999998,131.75,131.74999999999997,3.0000000000000284,,3.000042977946419,131.7499570220536,-4.297794637864172e-05,1.0,0.0,134.75,131.75,3.0,3.0000309528454037,131.7499690471546,131.7499645511942,3.0000354488057894,,3.000205301055572,131.74979469894444,131.74989395327523,-9.925433079160939e-05,3.000205301055572,131.74979469894444,131.74989395327523,-9.925433079160939e-05,3.0002053010555585,-1.3322676295501878e-14,,,,,,,,134.75,131.75,3.0,2.9999998856722003,131.7500001143278,131.75000061066902,2.9999993893309806,3.000161667718353,131.74983833228166,-0.00016227838736426747,1.0,0.0,134.75,131.74979469894444,-9.925433079160939e-05,131.74979469894444,134.75,,131.74989395327523,,131.74979469894444,,3.000205301055572,,-9.925433079160939e-05,
2018-05-01,132.0,132.0,,,132.0,,,132.0,132.0,,132.0,,0.0,,,,0.0,,0.0,,0.0,,0.0,,0.0,,0.0,,0.0,,0.0,,0.0,,0.0,,0.0,,0.0,,0.0,,0.0,,0.0,,0.0,,0.0,,,,,,132.0,,131.99980667026134,,131.99980415769824,0.00019584230176177274,,-2.512563099799081e-06,132.0,,0.0,0.0,0.0,0.0,0.0,0.0,0.0,0.0,0.0,0.0,132.0,132.0,0.0,,-1.7516852166308026e-15,132.0,132.0,0.0,,-1.3088857841492274e-05,132.00001308885786,1.3088857855336755e-05,1.0,0.0,132.0,132.0,0.0,3.291685004726109e-05,131.99996708314995,131.9999556379323,4.436206771174511e-05,,0.00019584230176177274,131.99980415769824,131.99980667026134,-2.512563099799081e-06,0.00019584230176177274,131.99980415769824,131.99980667026134,-2.512563099799081e-06,0.0001958423017640598,2.2870702727495473e-15,,,,,,,,132.0,132.0,0.0,-1.7516852166308026e-15,132.0,132.00000014934267,-1.493426680099219e-07,0.00014838015001427117,131.99985161984998,-0.00014852949269084093,1.0,0.0,132.0,131.99980415769824,-2.512563099799081e-06,131.99980415769824,132.0,,131.99980667026134,,131.99980415769824,,0.00019584230176177274,,-2.512563099799081e-06,
2018-06-01,129.25,129.25,,,129.25,,,129.25,129.25,,129.25,,0.0,,,,0.0,,0.0,,0.0,,0.0,,0.0,,0.0,,0.0,,0.0,,0.0,,0.0,,0.0,,0.0,,0.0,,0.0,,0.0,,0.0,,0.0,,,,,,129.25,,132.2498650228395,,132.24988842602855,-2.999888426028555,,2.340318906135508e-05,129.25,,0.0,0.0,0.0,0.0,0.0,0.0,0.0,0.0,0.0,0.0,129.25,132.24999999999997,-2.9999999999999716,,-2.9999999999999742,132.24999999999997,132.24999999999997,-2.9999999999999716,,-3.0000130888578416,132.25001308885786,1.3088857883758465e-05,1.0,0.0,129.25,132.24999999999997,-2.9999999999999716,-2.99996511914529,132.2499651191453,132.24997464579596,-2.999974645795959,,-2.999888426028555,132.24988842602855,132.2498650228395,2.340318906135508e-05,-2.999888426028555,132.24988842602855,132.2498650228395,2.340318906135508e-05,-2.999888426028548,7.105427357601002e-15,,,,,,,,129.25,132.24999999999997,-2.9999999999999716,-2.9999999999999742,132.24999999999997,132.24999994190097,-2.999999941900967,-2.999920585482051,132.24992058548204,-7.935641892231615e-05,1.0,0.0,129.25,132.24988842602855,2.340318906135508e-05,132.24988842602855,129.25,,132.2498650228395,,132.24988842602855,,-2.999888426028555,,2.340318906135508e-05,
2018-07-01,127.5,127.5,,,127.5,,,127.5,127.5,,127.5,,0.0,,,,0.0,,0.0,,0.0,,0.0,,0.0,,0.0,,0.0,,0.0,,0.0,,0.0,,0.0,,0.0,,0.0,,0.0,,0.0,,0.0,,0.0,,,,,,127.5,,132.49993681728188,,132.49995497039143,-4.999954970391422,,1.8153109550667068e-05,127.5,,0.0,0.0,0.0,0.0,0.0,0.0,0.0,0.0,0.0,0.0,127.5,132.5,-5.0,,-5.000000000000002,132.5,132.49999999999997,-4.999999999999972,,-5.00001308885785,132.50001308885786,1.3088857883758465e-05,1.0,0.0,127.5,132.5,-5.0,-4.999986723196372,132.49998672319637,132.49998672319634,-4.9999867231963435,,-4.999954970391422,132.49995497039143,132.49993681728188,1.8153109550667068e-05,-4.999954970391422,132.49995497039143,132.49993681728188,1.8153109550667068e-05,-4.999954970391428,-6.217248937900877e-15,,,,,,,,127.5,132.5,-5.0,-5.000000000000002,132.5,132.49999997047473,-4.999999970474732,-4.999963562602643,132.49996356260263,-3.640787210201779e-05,1.0,0.0,127.5,132.49995497039143,1.8153109550667068e-05,132.49995497039143,127.5,,132.49993681728188,,132.49995497039143,,-4.999954970391422,,1.8153109550667068e-05,
2018-08-01,128.75,128.75,,,128.75,,,128.75,128.75,,128.75,,0.0,,,,0.0,,0.0,,0.0,,0.0,,0.0,,0.0,,0.0,,0.0,,0.0,,0.0,,0.0,,0.0,,0.0,,0.0,,0.0,,0.0,,0.0,,,,,,128.75,,132.7499868286359,,132.75000355230807,-4.000003552308062,,1.6723672160878778e-05,128.75,,0.0,0.0,0.0,0.0,0.0,0.0,0.0,0.0,0.0,0.0,128.75,132.75,-4.0,,-4.000000000000003,132.75,132.74999999999997,-3.9999999999999716,,-4.00001348690358,132.75001348690358,1.3486903611692469e-05,1.0,0.0,128.75,132.75,-4.0,-4.000008327247433,132.75000832724743,132.74999884573427,-3.999998845734268,,-4.000003552308062,132.75000355230807,132.7499868286359,1.6723672160878778e-05,-4.000003552308062,132.75000355230807,132.7499868286359,1.6723672160878778e-05,-4.000003552308073,-1.0658141036401503e-14,,,,,,,,128.75,132.75,-4.0,-4.000000000000003,132.75,132.7499999953441,-3.9999999953440977,-4.000000573722445,132.75000057372245,5.783783478818805e-07,1.0,0.0,128.75,132.75000355230807,1.6723672160878778e-05,132.75000355230807,128.75,,132.7499868286359,,132.75000355230807,,-4.000003552308062,,1.6723672160878778e-05,
2018-09-01,132.0,132.0,,,132.0,,,132.0,132.0,,132.0,,0.0,,,,0.0,,0.0,,0.0,,0.0,,0.0,,0.0,,0.0,,0.0,,0.0,,0.0,,0.0,,0.0,,0.0,,0.0,,0.0,,0.0,,0.0,,,,,,132.0,,132.99999308030257,,133.00000451176544,-1.000004511765445,,1.1431462866084985e-05,132.0,,0.0,0.0,0.0,0.0,0.0,0.0,0.0,0.0,0.0,0.0,132.0,133.0,-1.0,,-1.0000000000000016,133.0,133.0,-1.0,,-1.0000092785915031,133.0000092785915,9.278591505790246e-06,1.0,0.0,132.0,133.0,-1.0,-1.0000063632427905,133.0000063632428,133.00000520783095,-1.0000052078309523,,-1.000004511765445,133.00000451176544,132.99999308030257,1.1431462866084985e-05,-1.000004511765445,133.00000451176544,132.99999308030257,1.1431462866084985e-05,-1.0000045117654395,5.551115123125783e-15,,,,,,,,132.0,133.0,-1.0,-1.0000000000000016,133.0,133.0,-1.0,-1.0000073485434502,133.00000734854345,7.348543448415512e-06,1.0,0.0,132.0,133.00000451176544,1.1431462866084985e-05,133.00000451176544,132.0,,132.99999308030257,,133.00000451176544,,-1.000004511765445,,1.1431462866084985e-05,
2018-10-01,134.25,134.25,,,134.25,,,134.25,134.25,,134.25,,0.0,,,,0.0,,0.0,,0.0,,0.0,,0.0,,0.0,,0.0,,0.0,,0.0,,0.0,,0.0,,0.0,,0.0,,0.0,,0.0,,0.0,,0.0,,,,,,134.25,,133.24999241037028,,133.24998637535262,1.000013624647388,,-6.035017662497921e-06,134.25,,0.0,0.0,0.0,0.0,0.0,0.0,0.0,0.0,0.0,0.0,134.25,133.25,1.0,,0.9999999999999967,133.25,133.25,1.0,,0.9999976638831571,133.25000233611684,2.336116835977009e-06,1.0,0.0,134.25,133.25,1.0,0.9999956007618496,133.25000439923815,133.25000629517817,0.9999937048218328,,1.000013624647388,133.24998637535262,133.24999241037028,-6.035017662497921e-06,1.000013624647388,133.24998637535262,133.24999241037028,-6.035017662497921e-06,1.00001362464738,-7.993605777301127e-15,,,,,,,,134.25,133.25,1.0,0.9999999999999967,133.25,133.25,1.0,0.9999995981746439,133.25000040182536,4.0182536054089724e-07,1.0,0.0,134.25,133.24998637535262,-6.035017662497921e-06,133.24998637535262,134.25,,133.24999241037028,,133.24998637535262,,1.000013624647388,,-6.035017662497921e-06,
2018-11-01,137.5,137.5,,,137.5,,,137.5,137.5,,137.5,,0.0,,,,0.0,,0.0,,0.0,,0.0,,0.0,,0.0,,0.0,,0.0,,0.0,,0.0,,0.0,,0.0,,0.0,,0.0,,0.0,,0.0,,0.0,,,,,,137.5,,133.50000652628995,,133.4999756248016,4.000024375198383,,-3.09014883441705e-05,137.5,,0.0,0.0,0.0,0.0,0.0,0.0,0.0,0.0,0.0,0.0,137.5,133.5,4.0,,3.9999999999999964,133.5,133.5,4.0,,3.9999999999999947,133.5,0.0,1.0,0.0,137.5,133.5,4.0,3.999997564766492,133.5000024352335,133.5000054036949,3.9999945963051005,,4.000024375198383,133.4999756248016,133.50000652628995,-3.09014883441705e-05,4.000024375198383,133.4999756248016,133.50000652628995,-3.09014883441705e-05,4.000024375198393,9.769962616701378e-15,,,,,,,,137.5,133.5,4.0,3.9999999999999964,133.5,133.5,4.0,4.00000491497665,133.49999508502336,-4.914976642567126e-06,1.0,0.0,137.5,133.4999756248016,-3.09014883441705e-05,133.4999756248016,137.5,,133.50000652628995,,133.4999756248016,,4.000024375198383,,-3.09014883441705e-05,
2018-12-01,133.75,133.75,,,133.75,,,133.75,133.75,,133.75,,0.0,,,,0.0,,0.0,,0.0,,0.0,,0.0,,0.0,,0.0,,0.0,,0.0,,0.0,,0.0,,0.0,,0.0,,0.0,,0.0,,0.0,,0.0,,,,,,133.75,,133.75002950084126,,133.74998158034361,1.8419656381159685e-05,,-4.7920497650011384e-05,133.75,,0.0,0.0,0.0,0.0,0.0,0.0,0.0,0.0,0.0,0.0,133.75,133.75,0.0,,-1.2798404311651111e-15,133.75,133.74999999999997,2.842170943040401e-14,,-8.624582529629758e-15,133.75,2.842170943040401e-14,1.0,0.0,133.75,133.75,0.0,-4.712288661193024e-07,133.75000047122887,133.7500053256028,-5.325602813854857e-06,,1.8419656381159685e-05,133.74998158034361,133.75002950084126,-4.7920497650011384e-05,1.8419656381159685e-05,133.74998158034361,133.75002950084126,-4.7920497650011384e-05,1.8419656385049166e-05,3.889480426101655e-15,,,,,,,,133.75,133.75,0.0,-1.2798404311651111e-15,133.75,133.74999999999997,2.842170943040401e-14,3.1349111796955913e-06,133.74999686508883,-3.1349111395684304e-06,1.0,0.0,133.75,133.74998158034361,-4.7920497650011384e-05,133.74998158034361,133.75,,133.75002950084126,,133.74998158034361,,1.8419656381159685e-05,,-4.7920497650011384e-05,
2019-01-01,132.0,132.0,,,132.0,,,132.0,132.0,,132.0,,0.0,,,,0.0,,0.0,,0.0,,0.0,,0.0,,0.0,,0.0,,0.0,,0.0,,0.0,,0.0,,0.0,,0.0,,0.0,,0.0,,0.0,,0.0,,,,,,132.0,,134.00004153643448,,134.00016612656924,-2.000166126569253,,0.000124590134760183,132.0,,0.0,0.0,0.0,0.0,0.0,0.0,0.0,0.0,0.0,0.0,132.0,134.0,-2.0,,-2.0000000000000027,134.0,133.99999999999997,-1.9999999999999716,,-2.000000000000002,134.0,2.842170943040401e-14,1.0,0.0,132.0,134.0,-2.0,-2.000016880435226,134.00001688043523,134.00000516340583,-2.000005163405831,,-2.000166126569253,134.00016612656924,134.00004153643448,0.000124590134760183,-2.000166126569253,134.00016612656924,134.00004153643448,0.000124590134760183,-2.0001661265692405,1.2434497875801753e-14,,,,,,,,132.0,134.0,-2.0,-2.0000000000000027,134.0,133.99999999999997,-1.9999999999999716,-1.999998303753266,133.99999830375327,-1.696246698656978e-06,1.0,0.0,132.0,134.00016612656924,0.000124590134760183,134.00016612656924,132.0,,134.00004153643448,,134.00016612656924,,-2.000166126569253,,0.000124590134760183,
2019-02-01,136.25,136.25,,,136.25,,,136.25,136.25,,136.25,,0.0,,,,0.0,,0.0,,0.0,,0.0,,0.0,,0.0,,0.0,,0.0,,0.0,,0.0,,0.0,,0.0,,0.0,,0.0,,0.0,,0.0,,0.0,,,,,,136.25,,134.25002864132097,,134.24998453276626,2.000015467233725,,-4.4108554703825575e-05,136.25,,0.0,0.0,0.0,0.0,0.0,0.0,0.0,0.0,0.0,0.0,136.25,134.25,2.0,,2.0000000000000004,134.25,134.25,2.0,,1.9999999999999936,134.25,0.0,1.0,0.0,136.25,134.25,2.0,2.0000016171737602,134.24999838282625,134.25000323720022,1.999996762799782,,2.000015467233725,134.24998453276626,134.25002864132097,-4.4108554703825575e-05,2.000015467233725,134.24998453276626,134.25002864132097,-4.4108554703825575e-05,2.0000154672337374,1.2434497875801753e-14,,,,,,,,136.25,134.25,2.0,2.0000000000000004,134.25,134.25,2.0,2.000000564871323,134.24999943512867,-5.64871328379013e-07,1.0,0.0,136.25,134.24998453276626,-4.4108554703825575e-05,134.24998453276626,136.25,,134.25002864132097,,134.24998453276626,,2.000015467233725,,-4.4108554703825575e-05,
2019-03-01,139.5,139.5,,,139.5,,,139.5,139.5,,139.5,,0.0,,,,0.0,,0.0,,0.0,,0.0,,0.0,,0.0,,0.0,,0.0,,0.0,,0.0,,0.0,,0.0,,0.0,,0.0,,0.0,,0.0,,0.0,,,,,,139.5,,134.49999786176218,,134.4999761169226,5.000023883077392,,-2.1744839585835507e-05,139.5,,0.0,0.0,0.0,0.0,0.0,0.0,0.0,0.0,0.0,0.0,139.5,134.5,5.0,,4.999999999999997,134.5,134.5,5.0,,4.9999999999999964,134.5,0.0,1.0,0.0,139.5,134.5,5.0,5.000001741571738,134.49999825842826,134.50000020631276,4.999999793687238,,5.000023883077392,134.4999761169226,134.49999786176218,-2.1744839585835507e-05,5.000023883077392,134.4999761169226,134.49999786176218,-2.1744839585835507e-05,5.000023883077404,1.1546319456101628e-14,,,,,,,,139.5,134.5,5.0,4.999999999999997,134.5,134.5,5.0,5.000001054652339,134.49999894534767,-1.054652329912642e-06,1.0,0.0,139.5,134.4999761169226,-2.1744839585835507e-05,134.4999761169226,139.5,,134.49999786176218,,134.4999761169226,,5.000023883077392,,-2.1744839585835507e-05,
2019-04-01,137.75,137.75,,,137.75,,,137.75,137.75,,137.75,,0.0,,,,0.0,,0.0,,0.0,,0.0,,0.0,,0.0,,0.0,,0.0,,0.0,,0.0,,0.0,,0.0,,0.0,,0.0,,0.0,,0.0,,0.0,,,,,,137.75,,134.74997222483086,,134.74997015445427,3.000029845545734,,-2.070376581286837e-06,137.75,,0.0,0.0,0.0,0.0,0.0,0.0,0.0,0.0,0.0,0.0,137.75,134.75,3.0,,2.999999999999997,134.75,134.75,3.0,,3.0000000000000018,134.75,0.0,1.0,0.0,137.75,134.75,3.0,3.00000186596972,134.74999813403028,134.74999774140406,3.0000022585959414,,3.000029845545734,134.74997015445427,134.74997222483086,-2.070376581286837e-06,3.000029845545734,134.74997015445427,134.74997222483086,-2.070376581286837e-06,3.0000298455457255,-8.43769498715119e-15,,,,,,,,137.75,134.75,3.0,2.999999999999997,134.75,134.75,3.0,3.000000525271654,134.74999947472836,-5.252716448467254e-07,1.0,0.0,137.75,134.74997015445427,-2.070376581286837e-06,134.74997015445427,137.75,,134.74997222483086,,134.74997015445427,,3.000029845545734,,-2.070376581286837e-06,
2019-05-01,135.0,135.0,,,135.0,,,135.0,135.0,,135.0,,0.0,,,,0.0,,0.0,,0.0,,0.0,,0.0,,0.0,,0.0,,0.0,,0.0,,0.0,,0.0,,0.0,,0.0,,0.0,,0.0,,0.0,,0.0,,,,,,135.0,,134.99997101255272,,134.99997471058145,2.528941853350656e-05,,3.6980287347887497e-06,135.0,,0.0,0.0,0.0,0.0,0.0,0.0,0.0,0.0,0.0,0.0,135.0,135.0,0.0,,-2.9976021664879227e-15,135.0,134.99999999999997,2.842170943040401e-14,,5.839773109528323e-15,135.0,2.842170943040401e-14,1.0,0.0,135.0,135.0,0.0,1.9903677016295006e-06,134.9999980096323,134.99999728719243,2.712807571469966e-06,,2.528941853350656e-05,134.99997471058145,134.99997101255272,3.6980287347887497e-06,2.528941853350656e-05,134.99997471058145,134.99997101255272,3.6980287347887497e-06,2.5289418545071385e-05,1.156482543193324e-14,,,,,,,,135.0,135.0,0.0,-2.9976021664879227e-15,135.0,134.99999999999997,2.842170943040401e-14,-1.8731571676681528e-06,135.00000187315717,1.8731572026808863e-06,1.0,0.0,135.0,134.99997471058145,3.6980287347887497e-06,134.99997471058145,135.0,,134.99997101255272,,134.99997471058145,,2.528941853350656e-05,,3.6980287347887497e-06,
2019-06-01,132.25,132.25,,,132.25,,,132.25,132.25,,132.25,,0.0,,,,0.0,,0.0,,0.0,,0.0,,0.0,,0.0,,0.0,,0.0,,0.0,,0.0,,0.0,,0.0,,0.0,,0.0,,0.0,,0.0,,0.0,,,,,,132.25,,135.24998905425196,,135.24998723253543,-2.9999872325354424,,-1.8217165234091226e-06,132.25,,0.0,0.0,0.0,0.0,0.0,0.0,0.0,0.0,0.0,0.0,132.25,135.24999999999997,-2.9999999999999716,,-2.9999999999999774,135.24999999999997,135.24999999999997,-2.9999999999999716,,-2.9999999999999925,135.25,2.842170943040401e-14,1.0,0.0,132.25,135.24999999999997,-2.9999999999999716,-2.9999978852342943,135.2499978852343,135.24999848578335,-2.999998485783351,,-2.9999872325354424,135.24998723253543,135.24998905425196,-1.8217165234091226e-06,-2.9999872325354424,135.24998723253543,135.24998905425196,-1.8217165234091226e-06,-2.9999872325354318,1.0658141036401503e-14,,,,,,,,132.25,135.24999999999997,-2.9999999999999716,-2.9999999999999774,135.24999999999997,135.24999999999997,-2.9999999999999716,-3.0000044688478082,135.2500044688478,4.468847834004919e-06,1.0,0.0,132.25,135.24998723253543,-1.8217165234091226e-06,135.24998723253543,132.25,,135.24998905425196,,135.24998723253543,,-2.9999872325354424,,-1.8217165234091226e-06,
2019-07-01,130.5,130.5,,,130.5,,,130.5,130.5,,130.5,,0.0,,,,0.0,,0.0,,0.0,,0.0,,0.0,,0.0,,0.0,,0.0,,0.0,,0.0,,0.0,,0.0,,0.0,,0.0,,0.0,,0.0,,0.0,,,,,,130.5,,135.4999999334399,,135.50000335588547,-5.000003355885461,,3.4224455589537683e-06,130.5,,0.0,0.0,0.0,0.0,0.0,0.0,0.0,0.0,0.0,0.0,130.5,135.5,-5.0,,-5.000000000000003,135.5,135.5,-5.0,,-4.999999999999997,135.5,0.0,1.0,0.0,130.5,135.5,-5.0,-4.999999253612113,135.49999925361212,135.4999992536121,-4.9999992536120885,,-5.000003355885461,135.50000335588547,135.4999999334399,3.4224455589537683e-06,-5.000003355885461,135.50000335588547,135.4999999334399,3.4224455589537683e-06,-5.000003355885468,-7.105427357601002e-15,,,,,,,,130.5,135.5,-5.0,-5.000000000000003,135.5,135.5,-5.0,-5.000004962963294,135.5000049629633,4.9629632883352315e-06,1.0,0.0,130.5,135.50000335588547,3.4224455589537683e-06,135.50000335588547,130.5,,135.4999999334399,,135.50000335588547,,-5.000003355885461,,3.4224455589537683e-06,
2019-08-01,131.75,131.75,,,131.75,,,131.75,131.75,,131.75,,0.0,,,,0.0,,0.0,,0.0,,0.0,,0.0,,0.0,,0.0,,0.0,,0.0,,0.0,,0.0,,0.0,,0.0,,0.0,,0.0,,0.0,,0.0,,,,,,131.75,,135.75000455548349,,135.75001269058995,-4.000012690589942,,8.135106469353559e-06,131.75,,0.0,0.0,0.0,0.0,0.0,0.0,0.0,0.0,0.0,0.0,131.75,135.75,-4.0,,-3.9999999999999996,135.75,135.75,-4.0,,-3.999999999999999,135.75,0.0,1.0,0.0,131.75,135.75,-4.0,-4.000000621989908,135.7500006219899,135.75000002144085,-4.000000021440854,,-4.000012690589942,135.75001269058995,135.75000455548349,8.135106469353559e-06,-4.000012690589942,135.75001269058995,135.75000455548349,8.135106469353559e-06,-4.000012690589955,-1.3322676295501878e-14,,,,,,,,131.75,135.75,-4.0,-3.9999999999999996,135.75,135.75,-4.0,-4.000002597455935,135.75000259745593,2.5974559321184643e-06,1.0,0.0,131.75,135.75001269058995,8.135106469353559e-06,135.75001269058995,131.75,,135.75000455548349,,135.75001269058995,,-4.000012690589942,,8.135106469353559e-06,
2019-09-01,135.0,135.0,,,135.0,,,135.0,135.0,,135.0,,0.0,,,,0.0,,0.0,,0.0,,0.0,,0.0,,0.0,,0.0,,0.0,,0.0,,0.0,,0.0,,0.0,,0.0,,0.0,,0.0,,0.0,,0.0,,,,,,135.0,,136.00000187808175,,136.00000207625786,-1.000002076257867,,1.9817611018879688e-07,135.0,,0.0,0.0,0.0,0.0,0.0,0.0,0.0,0.0,0.0,0.0,135.0,136.0,-1.0,,-1.0000000000000033,136.0,135.99999999999997,-0.9999999999999716,,-0.9999999999999973,136.0,2.842170943040401e-14,1.0,0.0,135.0,136.0,-1.0,-1.0000004975919294,136.00000049759194,136.00000047053499,-1.0000004705349852,,-1.000002076257867,136.00000207625786,136.00000187808175,1.9817611018879688e-07,-1.000002076257867,136.00000207625786,136.00000187808175,1.9817611018879688e-07,-1.0000020762578572,9.769962616701378e-15,,,,,,,,135.0,136.0,-1.0,-1.0000000000000033,136.0,135.99999999999997,-0.9999999999999716,-0.9999988635379291,135.99999886353794,-1.1364620320364338e-06,1.0,0.0,135.0,136.00000207625786,1.9817611018879688e-07,136.00000207625786,135.0,,136.00000187808175,,136.00000207625786,,-1.000002076257867,,1.9817611018879688e-07,
2019-10-01,137.25,137.25,,,137.25,,,137.25,137.25,,137.25,,0.0,,,,0.0,,0.0,,0.0,,0.0,,0.0,,0.0,,0.0,,0.0,,0.0,,0.0,,0.0,,0.0,,0.0,,0.0,,0.0,,0.0,,0.0,,,,,,137.25,,136.2499982679768,,136.24999224613774,1.0000077538622718,,-6.021839055847522e-06,137.25,,0.0,0.0,0.0,0.0,0.0,0.0,0.0,0.0,0.0,0.0,137.25,136.25,1.0,,0.9999999999999998,136.25,136.24999999999997,1.0000000000000284,,1.0000000000000044,136.25,2.842170943040401e-14,1.0,0.0,137.25,136.25,1.0,0.9999996268060553,136.25000037319396,136.2500005041419,0.9999994958581055,,1.0000077538622718,136.24999224613774,136.2499982679768,-6.021839055847522e-06,1.0000077538622718,136.24999224613774,136.2499982679768,-6.021839055847522e-06,1.0000077538622634,-8.43769498715119e-15,,,,,,,,137.25,136.25,1.0,0.9999999999999998,136.25,136.24999999999997,1.0000000000000284,1.00000365517714,136.24999634482285,-3.6551771245285636e-06,1.0,0.0,137.25,136.24999224613774,-6.021839055847522e-06,136.24999224613774,137.25,,136.2499982679768,,136.24999224613774,,1.0000077538622718,,-6.021839055847522e-06,
2019-11-01,140.5,140.5,,,140.5,,,140.5,140.5,,140.5,,0.0,,,,0.0,,0.0,,0.0,,0.0,,0.0,,0.0,,0.0,,0.0,,0.0,,0.0,,0.0,,0.0,,0.0,,0.0,,0.0,,0.0,,0.0,,,,,,140.5,,136.49999972195363,,136.49999388788677,4.000006112113215,,-5.834066854504272e-06,140.5,,0.0,0.0,0.0,0.0,0.0,0.0,0.0,0.0,0.0,0.0,140.5,136.5,4.0,,3.999999999999996,136.5,136.5,4.0,,4.0,136.5,0.0,1.0,0.0,140.5,136.5,4.0,3.999999751204033,136.50000024879597,136.50000030191197,3.9999996980880326,,4.000006112113215,136.49999388788677,136.49999972195363,-5.834066854504272e-06,4.000006112113215,136.49999388788677,136.49999972195363,-5.834066854504272e-06,4.000006112113226,1.1546319456101628e-14,,,,,,,,140.5,136.5,4.0,3.999999999999996,136.5,136.5,4.0,4.000003290914235,136.49999670908576,-3.2909142362314014e-06,1.0,0.0,140.5,136.49999388788677,-5.834066854504272e-06,136.49999388788677,140.5,,136.49999972195363,,136.49999388788677,,4.000006112113215,,-5.834066854504272e-06,
2019-12-01,136.75,136.75,,,136.75,,,136.75,136.75,,136.75,,0.0,,,,0.0,,0.0,,0.0,,0.0,,0.0,,0.0,,0.0,,0.0,,0.0,,0.0,,0.0,,0.0,,0.0,,0.0,,0.0,,0.0,,0.0,,,,,,136.75,,136.75000613935035,,136.7500046442135,-4.644213498135782e-06,,-1.495136842777356e-06,136.75,,0.0,0.0,0.0,0.0,0.0,0.0,0.0,0.0,0.0,0.0,136.75,136.75,0.0,,-3.0808688933348094e-15,136.75,136.75,0.0,,-8.3481453266565e-15,136.75,0.0,1.0,0.0,136.75,136.75,0.0,-1.2439798446894912e-07,136.75000012439799,136.750000129771,-1.297709957270854e-07,,-4.644213498135782e-06,136.7500046442135,136.75000613935035,-1.495136842777356e-06,-4.644213498135782e-06,136.7500046442135,136.75000613935035,-1.495136842777356e-06,-4.644213504434447e-06,-6.298664897758013e-15,,,,,,,,136.75,136.75,0.0,-3.0808688933348094e-15,136.75,136.75,0.0,1.1129576896270105e-06,136.74999888704232,-1.1129576762414217e-06,1.0,0.0,136.75,136.7500046442135,-1.495136842777356e-06,136.7500046442135,136.75,,136.75000613935035,,136.7500046442135,,-4.644213498135782e-06,,-1.495136842777356e-06,
2020-01-01,135.0,135.0,,,135.0,,,135.0,135.0,,135.0,,0.0,,,,0.0,,0.0,,0.0,,0.0,,0.0,,0.0,,0.0,,0.0,,0.0,,0.0,,0.0,,0.0,,0.0,,0.0,,0.0,,0.0,,0.0,,,,,,135.0,,137.00001119093398,,137.00002231906296,-2.00002231906295,,1.1128128988957542e-05,135.0,,0.0,0.0,0.0,0.0,0.0,0.0,0.0,0.0,0.0,0.0,135.0,137.0,-2.0,,-2.0000000000000027,137.0,137.0,-2.0,,-2.000000000000002,137.0,0.0,1.0,0.0,135.0,137.0,-2.0,-2.000000031099498,137.0000000310995,137.00000004898394,-2.000000048983935,,-2.00002231906295,137.00002231906296,137.00001119093398,1.1128128988957542e-05,-2.00002231906295,137.00002231906296,137.00001119093398,1.1128128988957542e-05,-2.000022319062964,-1.4210854715202004e-14,,,,,,,,135.0,137.0,-2.0,-2.0000000000000027,137.0,137.0,-2.0,-1.9999998926321727,136.99999989263216,-1.0736783906395431e-07,1.0,0.0,135.0,137.00002231906296,1.1128128988957542e-05,137.00002231906296,135.0,,137.00001119093398,,137.00002231906296,,-2.00002231906295,,1.1128128988957542e-05,
2020-02-01,139.25,139.25,,,139.25,,,139.25,139.25,,139.25,,0.0,,,,0.0,,0.0,,0.0,,0.0,,0.0,,0.0,,0.0,,0.0,,0.0,,0.0,,0.0,,0.0,,0.0,,0.0,,0.0,,0.0,,0.0,,,,,,139.25,,137.25000869177106,,137.25001003695664,1.9999899630433617,,1.3451855807034008e-06,139.25,,0.0,0.0,0.0,0.0,0.0,0.0,0.0,0.0,0.0,0.0,139.25,137.25,2.0,,2.000000000000006,137.25,137.25,2.0,,1.9999999999999947,137.25,0.0,1.0,0.0,139.25,137.25,2.0,2.000000000000006,137.25,137.250000005373,1.9999999946269895,,1.9999899630433617,137.25001003695664,137.25000869177106,1.3451855807034008e-06,1.9999899630433617,137.25001003695664,137.25000869177106,1.3451855807034008e-06,1.9999899630433617,0.0,,,,,,,,139.25,137.25,2.0,2.000000000000006,137.25,137.25,2.0,1.9999991240622168,137.2500008759378,8.759377863043483e-07,1.0,0.0,139.25,137.25001003695664,1.3451855807034008e-06,137.25001003695664,139.25,,137.25000869177106,,137.25001003695664,,1.9999899630433617,,1.3451855807034008e-06,
2020-03-01,142.5,142.5,,,142.5,,,142.5,142.5,,142.5,,0.0,,,,0.0,,0.0,,0.0,,0.0,,0.0,,0.0,,0.0,,0.0,,0.0,,0.0,,0.0,,0.0,,0.0,,0.0,,0.0,,0.0,,0.0,,,,,,142.5,,137.4999996715148,,137.49999887662432,5.000001123375684,,-7.948904681143176e-07,142.5,,0.0,0.0,0.0,0.0,0.0,0.0,0.0,0.0,0.0,0.0,142.5,137.5,5.0,,4.9999999999999964,137.5,137.5,5.0,,4.999999999999993,137.5,0.0,1.0,0.0,142.5,137.5,5.0,4.9999999999999964,137.5,137.49999999232426,5.000000007675737,,5.000001123375684,137.49999887662432,137.4999996715148,-7.948904681143176e-07,5.000001123375684,137.49999887662432,137.4999996715148,-7.948904681143176e-07,5.000001123375682,-1.7763568394002505e-15,,,,,,,,142.5,137.5,5.0,4.9999999999999964,137.5,137.5,5.0,4.9999990697528744,137.50000093024713,9.302471255523415e-07,1.0,0.0,142.5,137.49999887662432,-7.948904681143176e-07,137.49999887662432,142.5,,137.4999996715148,,137.49999887662432,,5.000001123375684,,-7.948904681143176e-07,
2020-04-01,140.75,140.75,,,140.75,,,140.75,140.75,,140.75,,0.0,,,,0.0,,0.0,,0.0,,0.0,,0.0,,0.0,,0.0,,0.0,,0.0,,0.0,,0.0,,0.0,,0.0,,0.0,,0.0,,0.0,,0.0,,,,,,140.75,,137.74999077837097,,137.7499868103861,3.0000131896139015,,-3.967984866903862e-06,140.75,,0.0,0.0,0.0,0.0,0.0,0.0,0.0,0.0,0.0,0.0,140.75,137.75,3.0,,2.999999999999996,137.75,137.74999999999997,3.0000000000000284,,2.9999999999999987,137.75,2.842170943040401e-14,1.0,0.0,140.75,137.75,3.0,2.999999999999996,137.75,137.74999999462696,3.000000005373039,,3.0000131896139015,137.7499868103861,137.74999077837097,-3.967984866903862e-06,3.0000131896139015,137.7499868103861,137.74999077837097,-3.967984866903862e-06,3.0000131896138953,-6.217248937900877e-15,,,,,,,,140.75,137.75,3.0,2.999999999999996,137.75,137.74999999999997,3.0000000000000284,2.9999996104771722,137.75000038952282,3.895228530836903e-07,1.0,0.0,140.75,137.7499868103861,-3.967984866903862e-06,137.7499868103861,140.75,,137.74999077837097,,137.7499868103861,,3.0000131896139015,,-3.967984866903862e-06,
2020-05-01,138.0,138.0,,,138.0,,,138.0,138.0,,138.0,,0.0,,,,0.0,,0.0,,0.0,,0.0,,0.0,,0.0,,0.0,,0.0,,0.0,,0.0,,0.0,,0.0,,0.0,,0.0,,0.0,,0.0,,0.0,,,,,,138.0,,137.9999888579479,,137.9999847308743,1.5269125706115123e-05,,-4.127073594872854e-06,138.0,,0.0,0.0,0.0,0.0,0.0,0.0,0.0,0.0,0.0,0.0,138.0,138.0,0.0,,-3.885780586188048e-15,138.0,137.99999999999997,2.842170943040401e-14,,3.556414422215918e-15,138.0,2.842170943040401e-14,1.0,0.0,138.0,138.0,0.0,-3.885780586188048e-15,138.0,137.99999999873347,1.2665282156376634e-09,,1.5269125706115123e-05,137.9999847308743,137.9999888579479,-4.127073594872854e-06,1.5269125706115123e-05,137.9999847308743,137.9999888579479,-4.127073594872854e-06,1.5269125697159325e-05,-8.955797935932333e-15,,,,,,,,138.0,138.0,0.0,-3.885780586188048e-15,138.0,137.99999999999997,2.842170943040401e-14,6.290566821887107e-08,137.99999993709434,-6.290562737376604e-08,1.0,0.0,138.0,137.9999847308743,-4.127073594872854e-06,137.9999847308743,138.0,,137.9999888579479,,137.9999847308743,,1.5269125706115123e-05,,-4.127073594872854e-06,
2020-06-01,135.25,135.25,,,135.25,,,135.25,135.25,,135.25,,0.0,,,,0.0,,0.0,,0.0,,0.0,,0.0,,0.0,,0.0,,0.0,,0.0,,0.0,,0.0,,0.0,,0.0,,0.0,,0.0,,0.0,,0.0,,,,,,135.25,,138.24999527945548,,138.24999499562378,-2.9999949956237897,,-2.838316959241638e-07,135.25,,0.0,0.0,0.0,0.0,0.0,0.0,0.0,0.0,0.0,0.0,135.25,138.24999999999997,-2.9999999999999716,,-2.999999999999985,138.24999999999997,138.24999999999997,-2.9999999999999716,,-2.999999999999997,138.25,2.842170943040401e-14,1.0,0.0,135.25,138.24999999999997,-2.9999999999999716,-2.999999999999985,138.24999999999997,138.24999999999997,-2.9999999999999716,,-2.9999949956237897,138.24999499562378,138.24999527945548,-2.838316959241638e-07,-2.9999949956237897,138.24999499562378,138.24999527945548,-2.838316959241638e-07,-2.99999499562378,9.769962616701378e-15,,,,,,,,135.25,138.24999999999997,-2.9999999999999716,-2.999999999999985,138.24999999999997,138.24999999999997,-2.9999999999999716,-2.9999999051906485,138.24999990519063,-9.48093372699077e-08,1.0,0.0,135.25,138.24999499562378,-2.838316959241638e-07,138.24999499562378,135.25,,138.24999527945548,,138.24999499562378,,-2.9999949956237897,,-2.838316959241638e-07,
2020-07-01,133.5,133.5,,,133.5,,,133.5,133.5,,133.5,,0.0,,,,0.0,,0.0,,0.0,,0.0,,0.0,,0.0,,0.0,,0.0,,0.0,,0.0,,0.0,,0.0,,0.0,,0.0,,0.0,,0.0,,0.0,,,,,,133.5,,138.5000047205445,,138.50000500437622,-5.000005004376208,,2.838317243458732e-07,133.5,,0.0,0.0,0.0,0.0,0.0,0.0,0.0,0.0,0.0,0.0,133.5,138.5,-5.0,,-5.000000000000004,138.5,138.5,-5.0,,-4.999999999999993,138.5,0.0,1.0,0.0,133.5,138.5,-5.0,-5.000000000000004,138.5,138.5,-5.0,,-5.000005004376208,138.50000500437622,138.5000047205445,2.838317243458732e-07,-5.000005004376208,138.50000500437622,138.5000047205445,2.838317243458732e-07,-5.00000500437622,-1.2434497875801753e-14,,,,,,,,133.5,138.5,-5.0,-5.000000000000004,138.5,138.5,-5.0,-5.000000094809345,138.50000009480934,9.48093372699077e-08,1.0,0.0,133.5,138.50000500437622,2.838317243458732e-07,138.50000500437622,133.5,,138.5000047205445,,138.50000500437622,,-5.000005004376208,,2.838317243458732e-07,
2020-08-01,134.75,134.75,,,134.75,,,134.75,134.75,,134.75,,0.0,,,,0.0,,0.0,,0.0,,0.0,,0.0,,0.0,,0.0,,0.0,,0.0,,0.0,,0.0,,0.0,,0.0,,0.0,,0.0,,0.0,,0.0,,,,,,134.75,,138.75001114205207,,138.7500152691257,-4.000015269125691,,4.127073623294564e-06,134.75,,0.0,0.0,0.0,0.0,0.0,0.0,0.0,0.0,0.0,0.0,134.75,138.75,-4.0,,-3.9999999999999947,138.75,138.75,-4.0,,-4.000000000000001,138.75,0.0,1.0,0.0,134.75,138.75,-4.0,-3.9999999999999947,138.75,138.75000000126647,-4.000000001266471,,-4.000015269125691,138.7500152691257,138.75001114205207,4.127073623294564e-06,-4.000015269125691,138.7500152691257,138.75001114205207,4.127073623294564e-06,-4.000015269125697,-6.217248937900877e-15,,,,,,,,134.75,138.75,-4.0,-3.9999999999999947,138.75,138.75,-4.0,-4.000000062905664,138.75000006290566,6.290565579547547e-08,1.0,0.0,134.75,138.7500152691257,4.127073623294564e-06,138.7500152691257,134.75,,138.75001114205207,,138.7500152691257,,-4.000015269125691,,4.127073623294564e-06,
2020-09-01,138.0,138.0,,,138.0,,,138.0,138.0,,138.0,,0.0,,,,0.0,,0.0,,0.0,,0.0,,0.0,,0.0,,0.0,,0.0,,0.0,,0.0,,0.0,,0.0,,0.0,,0.0,,0.0,,0.0,,0.0,,,,,,138.0,,139.00000922162897,,139.0000131896139,-1.000013189613901,,3.967984923747281e-06,138.0,,0.0,0.0,0.0,0.0,0.0,0.0,0.0,0.0,0.0,0.0,138.0,139.0,-1.0,,-1.0000000000000047,139.0,138.99999999999997,-0.9999999999999716,,-0.9999999999999969,139.0,2.842170943040401e-14,1.0,0.0,138.0,139.0,-1.0,-1.0000000000000047,139.0,139.000000005373,-1.0000000053730105,,-1.000013189613901,139.0000131896139,139.00000922162897,3.967984923747281e-06,-1.000013189613901,139.0000131896139,139.00000922162897,3.967984923747281e-06,-1.0000131896138953,5.773159728050814e-15,,,,,,,,138.0,139.0,-1.0,-1.0000000000000047,139.0,138.99999999999997,-0.9999999999999716,-0.9999996104771747,138.99999961047718,-3.895227962402714e-07,1.0,0.0,138.0,139.0000131896139,3.967984923747281e-06,139.0000131896139,138.0,,139.00000922162897,,139.0000131896139,,-1.000013189613901,,3.967984923747281e-06,
2020-10-01,140.25,140.25,,,140.25,,,140.25,140.25,,140.25,,0.0,,,,0.0,,0.0,,0.0,,0.0,,0.0,,0.0,,0.0,,0.0,,0.0,,0.0,,0.0,,0.0,,0.0,,0.0,,0.0,,0.0,,0.0,,,,,,140.25,,139.25000032848519,,139.25000112337568,0.9999988766243151,,7.948904965360271e-07,140.25,,0.0,0.0,0.0,0.0,0.0,0.0,0.0,0.0,0.0,0.0,140.25,139.25,1.0,,1.0000000000000049,139.25,139.24999999999997,1.0000000000000284,,1.0000000000000073,139.25,2.842170943040401e-14,1.0,0.0,140.25,139.25,1.0,1.0000000000000049,139.25,139.2500000076757,0.999999992324291,,0.9999988766243151,139.25000112337568,139.25000032848519,7.948904965360271e-07,0.9999988766243151,139.25000112337568,139.25000032848519,7.948904965360271e-07,0.9999988766243177,2.6645352591003757e-15,,,,,,,,140.25,139.25,1.0,1.0000000000000049,139.25,139.24999999999997,1.0000000000000284,1.0000009302471284,139.24999906975287,-9.30247097130632e-07,1.0,0.0,140.25,139.25000112337568,7.948904965360271e-07,139.25000112337568,140.25,,139.25000032848519,,139.25000112337568,,0.9999988766243151,,7.948904965360271e-07,
2020-11-01,143.5,143.5,,,143.5,,,143.5,143.5,,143.5,,0.0,,,,0.0,,0.0,,0.0,,0.0,,0.0,,0.0,,0.0,,0.0,,0.0,,0.0,,0.0,,0.0,,0.0,,0.0,,0.0,,0.0,,0.0,,,,,,143.5,,139.4999913082289,,139.49998996304336,4.000010036956631,,-1.3451855522816913e-06,143.5,,0.0,0.0,0.0,0.0,0.0,0.0,0.0,0.0,0.0,0.0,143.5,139.5,4.0,,3.9999999999999947,139.5,139.49999999999997,4.000000000000028,,4.000000000000005,139.5,2.842170943040401e-14,1.0,0.0,143.5,139.5,4.0,3.9999999999999947,139.5,139.499999994627,4.0000000053730105,,4.000010036956631,139.49998996304336,139.4999913082289,-1.3451855522816913e-06,4.000010036956631,139.49998996304336,139.4999913082289,-1.3451855522816913e-06,4.000010036956638,7.105427357601002e-15,,,,,,,,143.5,139.5,4.0,3.9999999999999947,139.5,139.49999999999997,4.000000000000028,4.000000875937787,139.4999991240622,-8.759377578826388e-07,1.0,0.0,143.5,139.49998996304336,-1.3451855522816913e-06,139.49998996304336,143.5,,139.4999913082289,,139.49998996304336,,4.000010036956631,,-1.3451855522816913e-06,
2020-12-01,139.75,139.75,,,139.75,,,139.75,139.75,,139.75,,0.0,,,,0.0,,0.0,,0.0,,0.0,,0.0,,0.0,,0.0,,0.0,,0.0,,0.0,,0.0,,0.0,,0.0,,0.0,,0.0,,0.0,,0.0,,,,,,139.75,,139.74998880906602,,139.74997768093706,2.2319062932540934e-05,,-1.1128128960535832e-05,139.75,,0.0,0.0,0.0,0.0,0.0,0.0,0.0,0.0,0.0,0.0,139.75,139.75,0.0,,-4.191091917959966e-15,139.75,139.75,0.0,,-7.514746239662956e-15,139.75,0.0,1.0,0.0,139.75,139.75,0.0,3.109949103796694e-08,139.7499999689005,139.74999995101604,4.8983963552018395e-08,,2.2319062932540934e-05,139.74997768093706,139.74998880906602,-1.1128128960535832e-05,2.2319062932540934e-05,139.74997768093706,139.74998880906602,-1.1128128960535832e-05,2.2319062935594047e-05,3.0531133177191805e-15,,,,,,,,139.75,139.75,0.0,-4.191091917959966e-15,139.75,139.75,0.0,-1.073678395524524e-07,139.75000010736784,1.0736783906395431e-07,1.0,0.0,139.75,139.74997768093706,-1.1128128960535832e-05,139.74997768093706,139.75,,139.74998880906602,,139.74997768093706,,2.2319062932540934e-05,,-1.1128128960535832e-05,
2021-01-01,138.0,138.0,,,138.0,,,138.0,138.0,,138.0,,0.0,,,,0.0,,0.0,,0.0,,0.0,,0.0,,0.0,,0.0,,0.0,,0.0,,0.0,,0.0,,0.0,,0.0,,0.0,,0.0,,0.0,,0.0,,,,,,138.0,,139.99999386064965,,139.9999953557865,-1.9999953557865047,,1.495136842777356e-06,138.0,,0.0,0.0,0.0,0.0,0.0,0.0,0.0,0.0,0.0,0.0,138.0,140.0,-2.0,,-2.000000000000004,140.0,140.0,-2.0,,-2.000000000000003,140.0,0.0,1.0,0.0,138.0,140.0,-2.0,-1.9999998756020227,139.99999987560201,139.999999870229,-1.9999998702290043,,-1.9999953557865047,139.9999953557865,139.99999386064965,1.495136842777356e-06,-1.9999953557865047,139.9999953557865,139.99999386064965,1.495136842777356e-06,-1.9999953557864956,9.103828801926284e-15,,,,,,,,138.0,140.0,-2.0,-2.000000000000004,140.0,140.0,-2.0,-2.0000011129576967,140.0000011129577,1.1129577046631312e-06,1.0,0.0,138.0,139.9999953557865,1.495136842777356e-06,139.9999953557865,138.0,,139.99999386064965,,139.9999953557865,,-1.9999953557865047,,1.495136842777356e-06,
2021-02-01,142.25,142.25,,,142.25,,,142.25,142.25,,142.25,,0.0,,,,0.0,,0.0,,0.0,,0.0,,0.0,,0.0,,0.0,,0.0,,0.0,,0.0,,0.0,,0.0,,0.0,,0.0,,0.0,,0.0,,0.0,,,,,,142.25,,140.25000027804637,,140.25000611211323,1.9999938878867767,,5.834066854504272e-06,142.25,,0.0,0.0,0.0,0.0,0.0,0.0,0.0,0.0,0.0,0.0,142.25,140.24999999999997,2.0000000000000284,,2.000000000000015,140.24999999999997,140.24999999999997,2.0000000000000284,,1.9999999999999962,140.25,2.842170943040401e-14,1.0,0.0,142.25,140.24999999999997,2.0000000000000284,2.0000002487959776,140.24999975120403,140.24999969808798,2.0000003019120243,,1.9999938878867767,140.25000611211323,140.25000027804637,5.834066854504272e-06,1.9999938878867767,140.25000611211323,140.25000027804637,5.834066854504272e-06,1.9999938878867738,-2.886579864025407e-15,,,,,,,,142.25,140.24999999999997,2.0000000000000284,2.000000000000015,140.24999999999997,140.24999999999997,2.0000000000000284,1.999996709085761,140.25000329091424,3.290914264653111e-06,1.0,0.0,142.25,140.25000611211323,5.834066854504272e-06,140.25000611211323,142.25,,140.25000027804637,,140.25000611211323,,1.9999938878867767,,5.834066854504272e-06,
2021-03-01,145.5,145.5,,,145.5,,,145.5,145.5,,145.5,,0.0,,,,0.0,,0.0,,0.0,,0.0,,0.0,,0.0,,0.0,,0.0,,0.0,,0.0,,0.0,,0.0,,0.0,,0.0,,0.0,,0.0,,0.0,,,,,,145.5,,140.5000017320232,,140.50000775386226,4.999992246137729,,6.021839055847522e-06,145.5,,0.0,0.0,0.0,0.0,0.0,0.0,0.0,0.0,0.0,0.0,145.5,140.5,5.0,,4.999999999999996,140.5,140.5,5.0,,4.99999999999999,140.5,0.0,1.0,0.0,145.5,140.5,5.0,5.00000037319394,140.49999962680607,140.49999949585813,5.000000504141866,,4.999992246137729,140.50000775386226,140.5000017320232,6.021839055847522e-06,4.999992246137729,140.50000775386226,140.5000017320232,6.021839055847522e-06,4.999992246137737,7.993605777301127e-15,,,,,,,,145.5,140.5,5.0,4.999999999999996,140.5,140.5,5.0,4.99999634482286,140.50000365517715,3.655177152950273e-06,1.0,0.0,145.5,140.50000775386226,6.021839055847522e-06,140.50000775386226,145.5,,140.5000017320232,,140.50000775386226,,4.999992246137729,,6.021839055847522e-06,
2021-04-01,143.75,143.75,,,143.75,,,143.75,143.75,,143.75,,0.0,,,,0.0,,0.0,,0.0,,0.0,,0.0,,0.0,,0.0,,0.0,,0.0,,0.0,,0.0,,0.0,,0.0,,0.0,,0.0,,0.0,,0.0,,,,,,143.75,,140.74999812191822,,140.74999792374214,3.000002076257863,,-1.9817608176708745e-07,143.75,,0.0,0.0,0.0,0.0,0.0,0.0,0.0,0.0,0.0,0.0,143.75,140.75,3.0,,2.9999999999999947,140.75,140.75,3.0,,2.9999999999999964,140.75,0.0,1.0,0.0,143.75,140.75,3.0,3.00000049759192,140.7499995024081,140.74999952946501,3.000000470534985,,3.000002076257863,140.74999792374214,140.74999812191822,-1.9817608176708745e-07,3.000002076257863,140.74999792374214,140.74999812191822,-1.9817608176708745e-07,3.000002076257857,-5.773159728050814e-15,,,,,,,,143.75,140.75,3.0,2.9999999999999947,140.75,140.75,3.0,2.9999988635379276,140.75000113646206,1.1364620604581432e-06,1.0,0.0,143.75,140.74999792374214,-1.9817608176708745e-07,140.74999792374214,143.75,,140.74999812191822,,140.74999792374214,,3.000002076257863,,-1.9817608176708745e-07,
2021-05-01,141.0,141.0,,,141.0,,,141.0,141.0,,141.0,,0.0,,,,0.0,,0.0,,0.0,,0.0,,0.0,,0.0,,0.0,,0.0,,0.0,,0.0,,0.0,,0.0,,0.0,,0.0,,0.0,,0.0,,0.0,,,,,,141.0,,140.99999544451651,,140.99998730941005,1.2690589956262006e-05,,-8.135106469353559e-06,141.0,,0.0,0.0,0.0,0.0,0.0,0.0,0.0,0.0,0.0,0.0,141.0,141.0,0.0,,-5.551115123125783e-15,141.0,141.0,0.0,,1.3285668861347709e-15,141.0,0.0,1.0,0.0,141.0,141.0,0.0,6.219899017501085e-07,140.9999993780101,140.99999997855915,2.1440854425236466e-08,,1.2690589956262006e-05,140.99998730941005,140.99999544451651,-8.135106469353559e-06,1.2690589956262006e-05,140.99998730941005,140.99999544451651,-8.135106469353559e-06,1.2690589954900133e-05,-1.3618731251226202e-15,,,,,,,,141.0,141.0,0.0,-5.551115123125783e-15,141.0,141.0,0.0,2.5974559336579737e-06,140.99999740254407,-2.5974559321184643e-06,1.0,0.0,141.0,140.99998730941005,-8.135106469353559e-06,140.99998730941005,141.0,,140.99999544451651,,140.99998730941005,,1.2690589956262006e-05,,-8.135106469353559e-06,
2021-06-01,138.25,138.25,,,138.25,,,138.25,138.25,,138.25,,0.0,,,,0.0,,0.0,,0.0,,0.0,,0.0,,0.0,,0.0,,0.0,,0.0,,0.0,,0.0,,0.0,,0.0,,0.0,,0.0,,0.0,,0.0,,,,,,138.25,,141.2500000665601,,141.24999664411453,-2.999996644114533,,-3.4224455589537683e-06,138.25,,0.0,0.0,0.0,0.0,0.0,0.0,0.0,0.0,0.0,0.0,138.25,141.25,-3.0,,-2.9999999999999956,141.25,141.25,-3.0,,-3.000000000000001,141.25,0.0,1.0,0.0,138.25,141.25,-3.0,-3.000000746387882,141.25000074638788,141.25000074638788,-3.000000746387883,,-2.999996644114533,141.24999664411453,141.2500000665601,-3.4224455589537683e-06,-2.999996644114533,141.24999664411453,141.2500000665601,-3.4224455589537683e-06,-2.999996644114532,1.3322676295501878e-15,,,,,,,,138.25,141.25,-3.0,-2.9999999999999956,141.25,141.25,-3.0,-2.999995037036706,141.2499950370367,-4.9629632883352315e-06,1.0,0.0,138.25,141.24999664411453,-3.4224455589537683e-06,141.24999664411453,138.25,,141.2500000665601,,141.24999664411453,,-2.999996644114533,,-3.4224455589537683e-06,
2021-07-01,136.5,136.5,,,136.5,,,136.5,136.5,,136.5,,0.0,,,,0.0,,0.0,,0.0,,0.0,,0.0,,0.0,,0.0,,0.0,,0.0,,0.0,,0.0,,0.0,,0.0,,0.0,,0.0,,0.0,,0.0,,,,,,136.5,,141.50001094574804,,141.50001276746454,-5.000012767464553,,1.8217164949874132e-06,136.5,,0.0,0.0,0.0,0.0,0.0,0.0,0.0,0.0,0.0,0.0,136.5,141.5,-5.0,,-5.000000000000005,141.5,141.49999999999994,-4.999999999999943,,-4.999999999999993,141.5,5.684341886080802e-14,1.0,0.0,136.5,141.5,-5.0,-5.000002114765688,141.5000021147657,141.50000151421665,-5.000001514216649,,-5.000012767464553,141.50001276746454,141.50001094574804,1.8217164949874132e-06,-5.000012767464553,141.50001276746454,141.50001094574804,1.8217164949874132e-06,-5.00001276746454,1.3322676295501878e-14,,,,,,,,136.5,141.5,-5.0,-5.000000000000005,141.5,141.49999999999994,-4.999999999999943,-4.999995531152179,141.49999553115217,-4.4688477771615e-06,1.0,0.0,136.5,141.50001276746454,1.8217164949874132e-06,141.50001276746454,136.5,,141.50001094574804,,141.50001276746454,,-5.000012767464553,,1.8217164949874132e-06,
2021-08-01,137.75,137.75,,,137.75,,,137.75,137.75,,137.75,,0.0,,,,0.0,,0.0,,0.0,,0.0,,0.0,,0.0,,0.0,,0.0,,0.0,,0.0,,0.0,,0.0,,0.0,,0.0,,0.0,,0.0,,0.0,,,,,,137.75,,141.75002898744725,,141.75002528941852,-4.0000252894185175,,-3.6980287347887497e-06,137.75,,0.0,0.0,0.0,0.0,0.0,0.0,0.0,0.0,0.0,0.0,137.75,141.74999999999997,-3.9999999999999716,,-3.9999999999999867,141.75,141.75,-4.0,,-3.999999999999999,141.75,0.0,1.0,0.0,137.75,141.74999999999997,-3.9999999999999716,-4.000001990367692,141.75000199036768,141.75000271280754,-4.000002712807543,,-4.0000252894185175,141.75002528941852,141.75002898744725,-3.6980287347887497e-06,-4.0000252894185175,141.75002528941852,141.75002898744725,-3.6980287347887497e-06,-4.000025289418517,8.881784197001252e-16,,,,,,,,137.75,141.74999999999997,-3.9999999999999716,-3.9999999999999867,141.75,141.75,-4.0,-3.9999981268428195,141.74999812684283,-1.8731571742591768e-06,1.0,0.0,137.75,141.75002528941852,-3.6980287347887497e-06,141.75002528941852,137.75,,141.75002898744725,,141.75002528941852,,-4.0000252894185175,,-3.6980287347887497e-06,
2021-09-01,141.0,141.0,,,141.0,,,141.0,141.0,,141.0,,0.0,,,,0.0,,0.0,,0.0,,0.0,,0.0,,0.0,,0.0,,0.0,,0.0,,0.0,,0.0,,0.0,,0.0,,0.0,,0.0,,0.0,,0.0,,,,,,141.0,,142.0000277751691,,142.00002984554573,-1.0000298455457293,,2.0703766381302557e-06,141.0,,0.0,0.0,0.0,0.0,0.0,0.0,0.0,0.0,0.0,0.0,141.0,142.0,-1.0,,-1.0000000000000058,142.0,142.0,-1.0,,-0.9999999999999958,142.0,0.0,1.0,0.0,141.0,142.0,-1.0,-1.0000018659697292,142.00000186596972,142.0000022585959,-1.000002258595913,,-1.0000298455457293,142.00002984554573,142.0000277751691,2.0703766381302557e-06,-1.0000298455457293,142.00002984554573,142.0000277751691,2.0703766381302557e-06,-1.0000298455457255,3.774758283725532e-15,,,,,,,,141.0,142.0,-1.0,-1.0000000000000058,142.0,142.0,-1.0,-1.00000052527166,142.00000052527167,5.252716732684348e-07,1.0,0.0,141.0,142.00002984554573,2.0703766381302557e-06,142.00002984554573,141.0,,142.0000277751691,,142.00002984554573,,-1.0000298455457293,,2.0703766381302557e-06,
2021-10-01,143.25,143.25,,,143.25,,,143.25,143.25,,143.25,,0.0,,,,0.0,,0.0,,0.0,,0.0,,0.0,,0.0,,0.0,,0.0,,0.0,,0.0,,0.0,,0.0,,0.0,,0.0,,0.0,,0.0,,0.0,,,,,,143.25,,142.25000213823776,,142.2500238830774,0.9999761169226099,,2.1744839642678926e-05,143.25,,0.0,0.0,0.0,0.0,0.0,0.0,0.0,0.0,0.0,0.0,143.25,142.24999999999997,1.0000000000000284,,1.0000000000000129,142.25,142.24999999999997,1.0000000000000284,,1.0000000000000082,142.25,2.842170943040401e-14,1.0,0.0,143.25,142.24999999999997,1.0000000000000284,0.9999982584282708,142.25000174157174,142.2499997936872,1.0000002063127909,,0.9999761169226099,142.2500238830774,142.25000213823776,2.1744839642678926e-05,0.9999761169226099,142.2500238830774,142.25000213823776,2.1744839642678926e-05,0.9999761169225962,-1.3655743202889425e-14,,,,,,,,143.25,142.24999999999997,1.0000000000000284,1.0000000000000129,142.25,142.24999999999997,1.0000000000000284,0.9999989453476639,142.25000105465233,1.0546523583343514e-06,1.0,0.0,143.25,142.2500238830774,2.1744839642678926e-05,142.2500238830774,143.25,,142.25000213823776,,142.2500238830774,,0.9999761169226099,,2.1744839642678926e-05,
2021-11-01,146.5,146.5,,,146.5,,,146.5,146.5,,146.5,,0.0,,,,0.0,,0.0,,0.0,,0.0,,0.0,,0.0,,0.0,,0.0,,0.0,,0.0,,0.0,,0.0,,0.0,,0.0,,0.0,,0.0,,0.0,,,,,,146.5,,142.49997135867906,,142.50001546723374,3.999984532766269,,4.4108554675403866e-05,146.5,,0.0,0.0,0.0,0.0,0.0,0.0,0.0,0.0,0.0,0.0,146.5,142.5,4.0,,3.9999999999999933,142.5,142.49999999999997,4.000000000000028,,4.000000000000009,142.5,2.842170943040401e-14,1.0,0.0,146.5,142.5,4.0,3.9999983828262327,142.50000161717378,142.49999676279975,4.0000032372002465,,3.999984532766269,142.50001546723374,142.49997135867906,4.4108554675403866e-05,3.999984532766269,142.50001546723374,142.49997135867906,4.4108554675403866e-05,3.9999845327662626,-6.217248937900877e-15,,,,,,,,146.5,142.5,4.0,3.9999999999999933,142.5,142.49999999999997,4.000000000000028,3.999999435128687,142.5000005648713,5.64871328379013e-07,1.0,0.0,146.5,142.50001546723374,4.4108554675403866e-05,142.50001546723374,146.5,,142.49997135867906,,142.50001546723374,,3.999984532766269,,4.4108554675403866e-05,
2021-12-01,142.75,142.75,,,142.75,,,142.75,142.75,,142.75,,0.0,,,,0.0,,0.0,,0.0,,0.0,,0.0,,0.0,,0.0,,0.0,,0.0,,0.0,,0.0,,0.0,,0.0,,0.0,,0.0,,0.0,,0.0,,,,,,142.75,,142.74995846356546,,142.7498338734308,0.00016612656922438036,,-0.00012459013467491786,142.75,,0.0,0.0,0.0,0.0,0.0,0.0,0.0,0.0,0.0,0.0,142.75,142.75,0.0,,-5.662137425588298e-15,142.75,142.75,0.0,,-6.4574521760366725e-15,142.75,0.0,1.0,0.0,142.75,142.75,0.0,1.6880435212449393e-05,142.74998311956477,142.7499948365942,5.163405802477428e-06,,0.00016612656922438036,142.7498338734308,142.74995846356546,-0.00012459013467491786,0.00016612656922438036,142.7498338734308,142.74995846356546,-0.00012459013467491786,0.00016612656921211055,-1.2269807565801205e-14,,,,,,,,142.75,142.75,0.0,-5.662137425588298e-15,142.75,142.75,0.0,-1.6962467501972315e-06,142.75000169624676,1.6962467555003968e-06,1.0,0.0,142.75,142.7498338734308,-0.00012459013467491786,142.7498338734308,142.75,,142.74995846356546,,142.7498338734308,,0.00016612656922438036,,-0.00012459013467491786,
2022-01-01,141.0,141.0,,,141.0,,,141.0,141.0,,141.0,,0.0,,,,0.0,,0.0,,0.0,,0.0,,0.0,,0.0,,0.0,,0.0,,0.0,,0.0,,0.0,,0.0,,0.0,,0.0,,0.0,,0.0,,0.0,,,,,,141.0,,142.99997049915868,,143.00001841965639,-2.0000184196563784,,4.79204977068548e-05,141.0,,0.0,0.0,0.0,0.0,0.0,0.0,0.0,0.0,0.0,0.0,141.0,143.0,-2.0,,-2.0000000000000053,143.0,143.0,-2.0,,-2.0000000000000018,143.0,0.0,1.0,0.0,141.0,143.0,-2.0,-1.99999952877114,142.99999952877113,142.99999467439713,-1.9999946743971293,,-2.0000184196563784,143.00001841965639,142.99997049915868,4.79204977068548e-05,-2.0000184196563784,143.00001841965639,142.99997049915868,4.79204977068548e-05,-2.000018419656385,-6.661338147750939e-15,,,,,,,,141.0,143.0,-2.0,-2.0000000000000053,143.0,143.0,-2.0,-2.000003134911182,143.0000031349112,3.1349111964118492e-06,1.0,0.0,141.0,143.00001841965639,4.79204977068548e-05,143.00001841965639,141.0,,142.99997049915868,,143.00001841965639,,-2.0000184196563784,,4.79204977068548e-05,
2022-02-01,145.25,145.25,,,145.25,,,145.25,145.25,,145.25,,0.0,,,,0.0,,0.0,,0.0,,0.0,,0.0,,0.0,,0.0,,0.0,,0.0,,0.0,,0.0,,0.0,,0.0,,0.0,,0.0,,0.0,,0.0,,,,,,145.25,,143.24999347371002,,143.2500243751984,1.9999756248016083,,3.090148837259221e-05,145.25,,0.0,0.0,0.0,0.0,0.0,0.0,0.0,0.0,0.0,0.0,145.25,143.24999999999997,2.0000000000000284,,2.0000000000000195,143.24999999999997,143.25,2.0,,1.9999999999999993,143.25,0.0,1.0,0.0,145.25,143.24999999999997,2.0000000000000284,2.0000024352335233,143.2499975647665,143.2499945963051,2.0000054036948995,,1.9999756248016083,143.2500243751984,143.24999347371002,3.090148837259221e-05,1.9999756248016083,143.2500243751984,143.24999347371002,3.090148837259221e-05,1.999975624801607,-1.3322676295501878e-15,,,,,,,,145.25,143.24999999999997,2.0000000000000284,2.0000000000000195,143.24999999999997,143.25,2.0,1.9999950850233432,143.25000491497667,4.914976670988835e-06,1.0,0.0,145.25,143.2500243751984,3.090148837259221e-05,143.2500243751984,145.25,,143.24999347371002,,143.2500243751984,,1.9999756248016083,,3.090148837259221e-05,
2022-03-01,148.5,148.5,,,148.5,,,148.5,148.5,,148.5,,0.0,,,,0.0,,0.0,,0.0,,0.0,,0.0,,0.0,,0.0,,0.0,,0.0,,0.0,,0.0,,0.0,,0.0,,0.0,,0.0,,0.0,,0.0,,,,,,148.5,,143.50000758962966,,143.50001362464738,4.999986375352611,,6.03501771934134e-06,148.5,,0.0,0.0,0.0,0.0,0.0,0.0,0.0,0.0,0.0,0.0,148.5,143.5,5.0,,4.999999999999994,143.5,143.5,5.0,,5.000002336116834,143.49999766388316,-2.336116835977009e-06,1.0,0.0,148.5,143.5,5.0,5.000004399238143,143.49999560076185,143.4999937048218,5.000006295178196,,4.999986375352611,143.50001362464738,143.50000758962966,6.03501771934134e-06,4.999986375352611,143.50001362464738,143.50000758962966,6.03501771934134e-06,4.99998637535262,8.881784197001252e-15,,,,,,,,148.5,143.5,5.0,4.999999999999994,143.5,143.5,5.0,5.000000401825351,143.49999959817464,-4.0182536054089724e-07,1.0,0.0,148.5,143.50001362464738,6.03501771934134e-06,143.50001362464738,148.5,,143.50000758962966,,143.50001362464738,,4.999986375352611,,6.03501771934134e-06,
2022-04-01,146.75,146.75,,,146.75,,,146.75,146.75,,146.75,,0.0,,,,0.0,,0.0,,0.0,,0.0,,0.0,,0.0,,0.0,,0.0,,0.0,,0.0,,0.0,,0.0,,0.0,,0.0,,0.0,,0.0,,0.0,,,,,,146.75,,143.75000691969743,,143.74999548823456,3.000004511765438,,-1.1431462866084985e-05,146.75,,0.0,0.0,0.0,0.0,0.0,0.0,0.0,0.0,0.0,0.0,146.75,143.75,3.0,,2.9999999999999933,143.75,143.75,3.0,,3.000009278591498,143.7499907214085,-9.278591505790246e-06,1.0,0.0,146.75,143.75,3.0,3.0000063632427842,143.7499936367572,143.74999479216905,3.0000052078309523,,3.000004511765438,143.74999548823456,143.75000691969743,-1.1431462866084985e-05,3.000004511765438,143.74999548823456,143.75000691969743,-1.1431462866084985e-05,3.0000045117654395,1.3322676295501878e-15,,,,,,,,146.75,143.75,3.0,2.9999999999999933,143.75,143.75,3.0,3.000007348543445,143.74999265145655,-7.348543448415512e-06,1.0,0.0,146.75,143.74999548823456,-1.1431462866084985e-05,143.74999548823456,146.75,,143.75000691969743,,143.74999548823456,,3.000004511765438,,-1.1431462866084985e-05,
2022-05-01,144.0,144.0,,,144.0,,,144.0,144.0,,144.0,,0.0,,,,0.0,,0.0,,0.0,,0.0,,0.0,,0.0,,0.0,,0.0,,0.0,,0.0,,0.0,,0.0,,0.0,,0.0,,0.0,,0.0,,0.0,,,,,,144.0,,144.0000131713641,,143.99999644769193,3.552308072303964e-06,,-1.6723672160878778e-05,144.0,,0.0,0.0,0.0,0.0,0.0,0.0,0.0,0.0,0.0,0.0,144.0,144.0,0.0,,-6.6058269965196814e-15,144.0,144.0,0.0,,1.3486903581697943e-05,143.99998651309642,-1.348690358327076e-05,1.0,0.0,144.0,144.0,0.0,8.327247423358911e-06,143.99999167275257,144.00000115426568,-1.1542656750407332e-06,,3.552308072303964e-06,143.99999644769193,144.0000131713641,-1.6723672160878778e-05,3.552308072303964e-06,143.99999644769193,144.0000131713641,-1.6723672160878778e-05,3.5523080725852196e-06,2.812555960698959e-16,,,,,,,,144.0,144.0,0.0,-6.6058269965196814e-15,144.0,144.0000000046559,-4.6559023303416325e-09,5.737224448520997e-07,143.99999942627755,-5.783783478818805e-07,1.0,0.0,144.0,143.99999644769193,-1.6723672160878778e-05,143.99999644769193,144.0,,144.0000131713641,,143.99999644769193,,3.552308072303964e-06,,-1.6723672160878778e-05,
2022-06-01,141.25,141.25,,,141.25,,,141.25,141.25,,141.25,,0.0,,,,0.0,,0.0,,0.0,,0.0,,0.0,,0.0,,0.0,,0.0,,0.0,,0.0,,0.0,,0.0,,0.0,,0.0,,0.0,,0.0,,0.0,,,,,,141.25,,144.25006318271807,,144.25004502960857,-3.0000450296085663,,-1.815310949382365e-05,141.25,,0.0,0.0,0.0,0.0,0.0,0.0,0.0,0.0,0.0,0.0,141.25,144.25,-3.0,,-3.000000000000003,144.25,144.25,-3.0,,-2.999986911142158,144.24998691114214,-1.3088857855336755e-05,1.0,0.0,141.25,144.25,-3.0,-3.0000132768036254,144.25001327680363,144.2500132768036,-3.0000132768035996,,-3.0000450296085663,144.25004502960857,144.25006318271807,-1.815310949382365e-05,-3.0000450296085663,144.25004502960857,144.25006318271807,-1.815310949382365e-05,-3.0000450296085717,-5.329070518200751e-15,,,,,,,,141.25,144.25,-3.0,-3.000000000000003,144.25,144.25000002952527,-3.0000000295252676,-3.0000364373973616,144.25003643739737,3.640787210201779e-05,1.0,0.0,141.25,144.25004502960857,-1.815310949382365e-05,144.25004502960857,141.25,,144.25006318271807,,144.25004502960857,,-3.0000450296085663,,-1.815310949382365e-05,
2022-07-01,139.5,139.5,,,139.5,,,139.5,139.5,,139.5,,0.0,,,,0.0,,0.0,,0.0,,0.0,,0.0,,0.0,,0.0,,0.0,,0.0,,0.0,,0.0,,0.0,,0.0,,0.0,,0.0,,0.0,,0.0,,,,,,139.5,,144.50013497716046,,144.50011157397145,-5.000111573971441,,-2.340318900451166e-05,139.5,,0.0,0.0,0.0,0.0,0.0,0.0,0.0,0.0,0.0,0.0,139.5,144.5,-5.0,,-5.000000000000007,144.5,144.49999999999997,-4.999999999999972,,-4.999986911142142,144.49998691114214,-1.3088857826915046e-05,1.0,0.0,139.5,144.5,-5.0,-5.00003488085469,144.50003488085468,144.500025354204,-5.000025354204013,,-5.000111573971441,144.50011157397145,144.50013497716046,-2.340318900451166e-05,-5.000111573971441,144.50011157397145,144.50013497716046,-2.340318900451166e-05,-5.000111573971452,-1.1546319456101628e-14,,,,,,,,139.5,144.5,-5.0,-5.000000000000007,144.5,144.50000005809903,-5.000000058099033,-5.000079414517931,144.50007941451793,7.935641889389444e-05,1.0,0.0,139.5,144.50011157397145,-2.340318900451166e-05,144.50011157397145,139.5,,144.50013497716046,,144.50011157397145,,-5.000111573971441,,-2.340318900451166e-05,
2022-08-01,140.75,140.75,,,140.75,,,140.75,140.75,,140.75,,0.0,,,,0.0,,0.0,,0.0,,0.0,,0.0,,0.0,,0.0,,0.0,,0.0,,0.0,,0.0,,0.0,,0.0,,0.0,,0.0,,0.0,,0.0,,,,,,140.75,,144.75019332973864,,144.75019584230174,-4.000195842301749,,2.512563099799081e-06,140.75,,0.0,0.0,0.0,0.0,0.0,0.0,0.0,0.0,0.0,0.0,140.75,144.74999999999997,-3.9999999999999716,,-3.999999999999981,144.74999999999997,144.74999999999997,-3.9999999999999716,,-3.999986911142143,144.74998691114214,-1.3088857826915046e-05,1.0,0.0,140.75,144.74999999999997,-3.9999999999999716,-4.000032916850032,144.75003291685005,144.75004436206763,-4.0000443620676265,,-4.000195842301749,144.75019584230174,144.75019332973864,2.512563099799081e-06,-4.000195842301749,144.75019584230174,144.75019332973864,2.512563099799081e-06,-4.000195842301736,1.3322676295501878e-14,,,,,,,,140.75,144.74999999999997,-3.9999999999999716,-3.999999999999981,144.74999999999997,144.74999985065728,-3.999999850657275,-4.000148380149993,144.75014838015,0.00014852949271926263,1.0,0.0,140.75,144.75019584230174,2.512563099799081e-06,144.75019584230174,140.75,,144.75019332973864,,144.75019584230174,,-4.000195842301749,,2.512563099799081e-06,
2022-09-01,144.0,144.0,,,144.0,,,144.0,144.0,,144.0,,0.0,,,,0.0,,0.0,,0.0,,0.0,,0.0,,0.0,,0.0,,0.0,,0.0,,0.0,,0.0,,0.0,,0.0,,0.0,,0.0,,0.0,,0.0,,,,,,144.0,,145.00010604672477,,145.00020530105556,-1.0002053010555647,,9.925433079160939e-05,144.0,,0.0,0.0,0.0,0.0,0.0,0.0,0.0,0.0,0.0,0.0,144.0,145.0,-1.0,,-1.0000000000000069,145.0,144.99999999999997,-0.9999999999999716,,-1.000042977946413,145.0000429779464,4.297794643548514e-05,1.0,0.0,144.0,145.0,-1.0,-1.0000309528454132,145.0000309528454,145.00003544880573,-1.0000354488057326,,-1.0002053010555647,145.00020530105556,145.00010604672477,9.925433079160939e-05,-1.0002053010555647,145.00020530105556,145.00010604672477,9.925433079160939e-05,-1.0002053010555585,6.217248937900877e-15,,,,,,,,144.0,145.0,-1.0,-0.9999998856722093,144.9999998856722,144.99999938933098,-0.9999993893309806,-1.0001616677183653,145.00016166771837,0.00016227838739268918,1.0,0.0,144.0,145.00020530105556,9.925433079160939e-05,145.00020530105556,144.0,,145.00010604672477,,145.00020530105556,,-1.0002053010555647,,9.925433079160939e-05,
2022-10-01,146.25,146.25,,,146.25,,,146.25,146.25,,146.25,,0.0,,,,0.0,,0.0,,0.0,,0.0,,0.0,,0.0,,0.0,,0.0,,0.0,,0.0,,0.0,,0.0,,0.0,,0.0,,0.0,,0.0,,0.0,,,,,,146.25,,145.24989578820248,,145.25000086381849,0.9999991361815123,,0.00010507561600547888,146.25,,0.0,0.0,0.0,0.0,0.0,0.0,0.0,0.0,0.0,0.0,146.25,145.24999999999997,1.0000000000000284,,1.0000000000000184,145.24999999999997,145.25,1.0,,0.9999025362703089,145.2500974637297,9.746372970198536e-05,1.0,0.0,146.25,145.24999999999997,1.0000000000000284,0.9999710111592504,145.25002898884074,145.2499949347752,1.0000050652247978,,0.9999991361815123,145.25000086381849,145.24989578820248,0.00010507561600547888,0.9999991361815123,145.25000086381849,145.24989578820248,0.00010507561600547888,0.9999991361815148,2.55351295663786e-15,,,,,,,,146.25,145.24999999999997,1.0000000000000284,1.000000697293454,145.24999930270656,145.24999923486195,1.0000007651380542,0.9999743621047015,145.2500256378953,2.6403033359656547e-05,1.0,0.0,146.25,145.25000086381849,0.00010507561600547888,145.25000086381849,146.25,,145.24989578820248,,145.25000086381849,,0.9999991361815123,,0.00010507561600547888,
2022-11-01,149.5,149.5,,,149.5,,,149.5,149.5,,149.5,,0.0,,,,0.0,,0.0,,0.0,,0.0,,0.0,,0.0,,0.0,,0.0,,0.0,,0.0,,0.0,,0.0,,0.0,,0.0,,0.0,,0.0,,0.0,,,,,,149.5,,145.49970905993015,,145.4997435850272,4.000256414972807,,3.4525097049709075e-05,149.5,,0.0,0.0,0.0,0.0,0.0,0.0,0.0,0.0,0.0,0.0,149.5,145.5,4.0,,3.999999999999993,145.5,145.49999999999997,4.000000000000028,,4.000022641955472,145.49997735804453,-2.2641955439439698e-05,1.0,0.0,149.5,145.5,4.0,3.9999718667868023,145.5000281332132,145.4999509066111,4.0000490933888955,,4.000256414972807,145.4997435850272,145.49970905993015,3.4525097049709075e-05,4.000256414972807,145.4997435850272,145.49970905993015,3.4525097049709075e-05,4.000256414972796,-1.0658141036401503e-14,,,,,,,,149.5,145.5,4.0,4.000001590202862,145.49999840979714,145.49999981228657,4.000000187713425,4.000280286509291,145.49971971349072,-0.00028009879585511044,1.0,0.0,149.5,145.4997435850272,3.4525097049709075e-05,145.4997435850272,149.5,,145.49970905993015,,145.4997435850272,,4.000256414972807,,3.4525097049709075e-05,
2022-12-01,145.75,145.75,,,145.75,,,145.75,145.75,,145.75,,0.0,,,,0.0,,0.0,,0.0,,0.0,,0.0,,0.0,,0.0,,0.0,,0.0,,0.0,,0.0,,0.0,,0.0,,0.0,,0.0,,0.0,,0.0,,,,,,145.75,,145.74967895296663,,145.74912026931563,0.0008797306843699689,,-0.000558683651007641,145.75,,0.0,0.0,0.0,0.0,0.0,0.0,0.0,0.0,0.0,0.0,145.75,145.75,0.0,,-6.716849298982197e-15,145.75,145.74999999999997,2.842170943040401e-14,1.0807896192349796e-14,1.3088857843603894e-05,145.74998691114214,-1.3088857826915046e-05,1.0,0.0,145.75,145.75,0.0,0.00026625011224524884,145.74973374988775,145.74993435628204,6.564371796002888e-05,,0.0008797306843699689,145.74912026931563,145.74967895296663,-0.000558683651007641,0.0008797306843699689,145.74912026931563,145.74967895296663,-0.000558683651007641,0.0008797306843746355,4.666622990812108e-15,,,,,,,,145.75,145.75,0.0,-1.2758784625477304e-06,145.75000127587847,145.75000095909664,-9.59096638553092e-07,0.0006315785475598135,145.74936842145243,-0.0006325376442077868,1.0,0.0,145.75,145.74912026931563,-0.000558683651007641,145.74912026931563,145.75,,145.74967895296663,,145.74912026931563,,0.0008797306843699689,,-0.000558683651007641,
2023-01-01,144.0,144.0,,,144.0,,,144.0,144.0,,144.0,,0.0,,,,0.0,,0.0,,0.0,,0.0,,0.0,,0.0,,0.0,,0.0,,0.0,,0.0,,0.0,,0.0,,0.0,,0.0,,0.0,,0.0,,0.0,,,,,,144.0,,145.9998180991252,,146.00013741034033,-2.0001374103403258,,0.00031931121512229765,144.0,,0.0,0.0,0.0,0.0,0.0,0.0,0.0,0.0,0.0,0.0,144.0,146.0,-2.0,,-2.0000000000000067,146.0,145.99999999999997,-1.9999999999999716,,-1.9999869111421507,145.99998691114214,-1.3088857826915046e-05,1.0,0.0,144.0,146.0,-2.0,-2.000039390806632,146.00003939080662,145.99995730166233,-1.9999573016623344,,-2.0001374103403258,146.00013741034033,145.9998180991252,0.00031931121512229765,-2.0001374103403258,146.00013741034033,145.9998180991252,0.00031931121512229765,-2.0001374103403293,-3.552713678800501e-15,,,,,,,,144.0,146.0,-2.0,-2.00000456623138,146.00000456623138,146.00000300174236,-2.000003001742357,-2.000088528091642,146.00008852809165,8.55263492951508e-05,1.0,0.0,144.0,146.00013741034033,0.00031931121512229765,146.00013741034033,144.0,,145.9998180991252,,146.00013741034033,,-2.0001374103403258,,0.00031931121512229765,
2023-02-01,148.25,148.25,,,148.25,,,148.25,148.25,,148.25,,0.0,,,,0.0,,0.0,,0.0,,0.0,,0.0,,0.0,,0.0,,0.0,,0.0,,0.0,,0.0,,0.0,,0.0,,0.0,,0.0,,0.0,,0.0,,,,,,148.25,,146.2500130975375,,146.25013655582222,1.999863444177788,,0.00012345828471893583,148.25,,0.0,0.0,0.0,0.0,0.0,0.0,0.0,0.0,0.0,0.0,148.25,146.24999999999997,2.0000000000000284,,2.0000000000000218,146.24999999999997,146.25,2.0,,2.0000130888578527,146.24998691114214,-1.3088857855336755e-05,1.0,0.0,148.25,146.24999999999997,2.0000000000000284,1.999963227866242,146.25003677213377,146.2500073412775,1.9999926587225048,,1.999863444177788,146.25013655582222,146.2500130975375,0.00012345828471893583,1.999863444177788,146.25013655582222,146.2500130975375,0.00012345828471893583,1.9998634441777767,-1.1324274851176597e-14,,,,,,,,148.25,146.24999999999997,2.0000000000000284,1.9999954337686479,146.25000456623135,146.2500096308017,1.9999903691982865,1.9999074667684398,146.25009253323157,8.290242985253826e-05,1.0,0.0,148.25,146.25013655582222,0.00012345828471893583,146.25013655582222,148.25,,146.2500130975375,,146.25013655582222,,1.999863444177788,,0.00012345828471893583,
2023-03-01,151.5,151.5,,,151.5,,,151.5,151.5,,151.5,,0.0,,,,0.0,,0.0,,0.0,,0.0,,0.0,,0.0,,0.0,,0.0,,0.0,,0.0,,0.0,,0.0,,0.0,,0.0,,0.0,,0.0,,0.0,,,,,,151.5,,146.50012753270565,,146.50011144476167,4.999888555238339,,-1.6087943976117458e-05,151.5,,0.0,0.0,0.0,0.0,0.0,0.0,0.0,0.0,0.0,0.0,151.5,146.5,5.0,,4.999999999999993,146.5,146.5,5.0,,5.0000160090038985,146.4999839909961,-1.6009003900308016e-05,1.0,0.0,151.5,146.5,5.0,4.999965846539079,146.50003415346092,146.50003359269078,4.999966407309216,,4.999888555238339,146.50011144476167,146.50012753270565,-1.6087943976117458e-05,4.999888555238339,146.50011144476167,146.50012753270565,-1.6087943976117458e-05,4.9998885552383285,-1.0658141036401503e-14,,,,,,,,151.5,146.5,5.0,4.999992689901479,146.5000073100985,146.50001074201612,4.999989257983884,4.99991386378386,146.50008613621614,7.539420002444785e-05,1.0,0.0,151.5,146.50011144476167,-1.6087943976117458e-05,146.50011144476167,151.5,,146.50012753270565,,146.50011144476167,,4.999888555238339,,-1.6087943976117458e-05,
2023-04-01,149.75,149.75,,,149.75,,,149.75,149.75,,149.75,,0.0,,,,0.0,,0.0,,0.0,,0.0,,0.0,,0.0,,0.0,,0.0,,0.0,,0.0,,0.0,,0.0,,0.0,,0.0,,0.0,,0.0,,0.0,,,,,,149.75,,146.75012246042988,,146.7500783202467,2.9999216797532924,,-4.414018317788759e-05,149.75,,0.0,0.0,0.0,0.0,0.0,0.0,0.0,0.0,0.0,0.0,149.75,146.75,3.0,,2.9999999999999925,146.75,146.75,3.0,,3.000024687097224,146.74997531290276,-2.4687097237574562e-05,1.0,0.0,149.75,146.75,3.0,2.999968465211935,146.75003153478806,146.75001659715141,2.999983402848585,,2.9999216797532924,146.7500783202467,146.75012246042988,-4.414018317788759e-05,2.9999216797532924,146.7500783202467,146.75012246042988,-4.414018317788759e-05,2.9999216797532995,7.105427357601002e-15,,,,,,,,149.75,146.75,3.0,2.999984186460442,146.75001581353956,146.7500025148971,2.9999974851029094,2.999925177997209,146.7500748220028,7.230710571093368e-05,1.0,0.0,149.75,146.7500783202467,-4.414018317788759e-05,146.7500783202467,149.75,,146.75012246042988,,146.7500783202467,,2.9999216797532924,,-4.414018317788759e-05,
2023-05-01,147.0,147.0,,,147.0,,,147.0,147.0,,147.0,,0.0,,,,0.0,,0.0,,0.0,,0.0,,0.0,,0.0,,0.0,,0.0,,0.0,,0.0,,0.0,,0.0,,0.0,,0.0,,0.0,,0.0,,0.0,,,,,,147.0,,147.00009244642342,,147.0000733575457,-7.335754567411312e-05,,-1.9088877735384813e-05,147.0,,0.0,0.0,0.0,0.0,0.0,0.0,0.0,0.0,0.0,0.0,147.0,147.0,0.0,,-7.105427357601002e-15,147.0,146.99999999999997,2.842170943040401e-14,,2.9947487322671643e-05,146.99997005251268,-2.994748729179264e-05,1.0,0.0,147.0,147.0,0.0,-2.3150655926297404e-06,147.0000023150656,146.99998562680747,1.4373192527727952e-05,,-7.335754567411312e-05,147.0000733575457,147.00009244642342,-1.9088877735384813e-05,-7.335754567411312e-05,147.0000733575457,147.00009244642342,-1.9088877735384813e-05,-7.335754568771335e-05,-1.3600232051658168e-14,,,,,,,,147.0,147.0,0.0,-1.4748749604942546e-05,147.0000147487496,146.99999021779013,9.782209872355452e-06,-7.77062066493824e-05,147.00007770620664,8.748841651140538e-05,1.0,0.0,147.0,147.0000733575457,-1.9088877735384813e-05,147.0000733575457,147.0,,147.00009244642342,,147.0000733575457,,-7.335754567411312e-05,,-1.9088877735384813e-05,
2023-06-01,144.25,144.25,,,144.25,,,144.25,144.25,,144.25,,0.0,,,,0.0,,0.0,,0.0,,0.0,,0.0,,0.0,,0.0,,0.0,,0.0,,0.0,,0.0,,0.0,,0.0,,0.0,,0.0,,0.0,,0.0,,,,,,144.25,,147.25017198139972,,147.25012976851906,-3.0001297685190624,,-4.2212880657643836e-05,144.25,,0.0,0.0,0.0,0.0,0.0,0.0,0.0,0.0,0.0,0.0,144.25,147.25,-3.0,,-3.0000000000000067,147.25,147.25,-3.0,,-2.999970550069851,147.24997055006986,-2.9449930138980562e-05,1.0,0.0,144.25,147.25000671749098,-3.000006717490976,-2.999880938790166,147.24988093879017,147.24999209108677,-2.9999920910867672,,-3.0001297685190624,147.25012976851906,147.25017198139972,-4.2212880657643836e-05,-3.0001297685190624,147.25012976851906,147.25017198139972,-4.2212880657643836e-05,-3.0001297685190593,3.1086244689504383e-15,,,,,,,,144.25,147.25,-3.0,-2.9999255977613544,147.24992559776135,147.24998247562118,-2.999982475621181,-3.0001192606963922,147.25011926069638,0.0001367850751989863,1.0,0.0,144.25,147.25012976851906,-4.2212880657643836e-05,147.25012976851906,144.25,,147.25017198139972,,147.25012976851906,,-3.0001297685190624,,-4.2212880657643836e-05,
2023-07-01,142.5,142.5,,,142.5,,,142.5,142.5,,142.5,,0.0,,,,0.0,,0.0,,0.0,,0.0,,0.0,,0.0,,0.0,,0.0,,0.0,,0.0,,0.0,,0.0,,0.0,,0.0,,0.0,,0.0,,0.0,,,,,,142.5,,147.50029683931217,,147.50023238428085,-5.000232384280862,,-6.445503132113117e-05,142.5,,0.0,0.0,0.0,0.0,0.0,0.0,0.0,0.0,0.0,0.0,142.5,147.5,-5.0,,-5.000000000000007,147.5,147.5,-5.0,,-4.999970550069831,147.49997055006983,-2.9449930167402272e-05,1.0,0.0,142.5,147.50001343498198,-5.00001343498198,-5.000086526918031,147.50008652691804,147.50002355062867,-5.0000235506286685,,-5.000232384280862,147.50023238428085,147.50029683931217,-6.445503132113117e-05,-5.000232384280862,147.50023238428085,147.50029683931217,-6.445503132113117e-05,-5.000232384280849,1.2434497875801753e-14,,,,,,,,142.5,147.5,-5.0,-5.000004566231381,147.50000456623138,147.49998457764096,-4.999984577640959,-5.0001852943407545,147.50018529434075,0.00020071669979415674,1.0,0.0,142.5,147.50023238428085,-6.445503132113117e-05,147.50023238428085,142.5,,147.50029683931217,,147.50023238428085,,-5.000232384280862,,-6.445503132113117e-05,
2023-08-01,143.75,143.75,,,143.75,,,143.75,143.75,,143.75,,0.0,,,,0.0,,0.0,,0.0,,0.0,,0.0,,0.0,,0.0,,0.0,,0.0,,0.0,,0.0,,0.0,,0.0,,0.0,,0.0,,0.0,,0.0,,,,,,143.75,,147.75038666348686,,147.7504042228873,-4.00040422288731,,1.75594004474533e-05,143.75,,0.0,0.0,0.0,0.0,0.0,0.0,0.0,0.0,0.0,0.0,143.75,147.74999999999997,-3.9999999999999716,,-3.9999999999999787,147.74999999999997,147.74999999999997,-3.9999999999999716,,-3.9999705500698224,147.74997055006983,-2.9449930138980562e-05,1.0,0.0,143.75,147.75001343498198,-4.00001343498198,-4.000083908245165,147.75008390824516,147.75008319395477,-4.000083193954765,,-4.00040422288731,147.7504042228873,147.75038666348686,1.75594004474533e-05,-4.00040422288731,147.7504042228873,147.75038666348686,1.75594004474533e-05,-4.000404222887312,-1.7763568394002505e-15,,,,,,,,143.75,147.74999999999997,-3.9999999999999716,-4.000004566231352,147.75000456623135,147.74999445316976,-3.999994453169762,-4.000336617080052,147.75033661708005,0.0003421639102896279,1.0,0.0,143.75,147.7504042228873,1.75594004474533e-05,147.7504042228873,143.75,,147.75038666348686,,147.7504042228873,,-4.00040422288731,,1.75594004474533e-05,
2023-09-01,147.0,147.0,,,147.0,,,147.0,147.0,,147.0,,0.0,,,,0.0,,0.0,,0.0,,0.0,,0.0,,0.0,,0.0,,0.0,,0.0,,0.0,,0.0,,0.0,,0.0,,0.0,,0.0,,0.0,,0.0,,,,,,147.0,,148.00019647206008,,148.00042017717786,-1.0004201771778685,,0.0002237051177758076,147.0,,0.0,0.0,0.0,0.0,0.0,0.0,0.0,0.0,0.0,0.0,147.0,148.0,-1.0,,-1.000000000000007,148.0,148.0,-1.0,,-1.0000967003794337,148.00009670037943,9.670037943010357e-05,1.0,0.0,147.0,148.000013434982,-1.0000134349820087,-1.0000812895723306,148.00008128957234,148.00009122829724,-1.0000912282972365,,-1.0004201771778685,148.00042017717786,148.00019647206008,0.0002237051177758076,-1.0004201771778685,148.00042017717786,148.00019647206008,0.0002237051177758076,-1.0004201771778582,1.021405182655144e-14,,,,,,,,147.0,148.0,-1.0,-1.0000044137943174,148.00000441379433,148.00000411694796,-1.000004116947963,-1.0003629518306476,148.00036295183065,0.00035883488268950714,1.0,0.0,147.0,148.00042017717786,0.0002237051177758076,148.00042017717786,147.0,,148.00019647206008,,148.00042017717786,,-1.0004201771778685,,0.0002237051177758076,
2023-10-01,149.25,149.25,,,149.25,,,149.25,149.25,,149.25,,0.0,,,,0.0,,0.0,,0.0,,0.0,,0.0,,0.0,,0.0,,0.0,,0.0,,0.0,,0.0,,0.0,,0.0,,0.0,,0.0,,0.0,,0.0,,,,,,149.25,,148.24978228113176,,148.24997163685205,1.0000283631479512,,0.00018935572029477044,149.25,,0.0,0.0,0.0,0.0,0.0,0.0,0.0,0.0,0.0,0.0,149.25,148.24999999999997,1.0000000000000284,,1.0000000000000213,148.24999999999997,148.24999999999997,1.0000000000000284,,0.9997807066081819,148.2502192933918,0.00021929339183657248,1.0,0.0,149.25,148.25001343498198,0.9999865650180197,0.9999213291005458,148.25007867089946,148.25002670184745,0.999973298152554,,1.0000283631479512,148.24997163685205,148.24978228113176,0.00018935572029477044,1.0000283631479512,148.24997163685205,148.24978228113176,0.00018935572029477044,1.0000283631479476,-3.552713678800501e-15,,,,,,,,149.25,148.24999999999997,1.0000000000000284,0.9999963634932286,148.25000363650676,148.25000676195788,0.9999932380421228,0.9999438980903463,148.25005610190965,4.93399517722537e-05,1.0,0.0,149.25,148.24997163685205,0.00018935572029477044,148.24997163685205,149.25,,148.24978228113176,,148.24997163685205,,1.0000283631479512,,0.00018935572029477044,
2023-11-01,152.5,152.5,,,152.5,,,152.5,152.5,,152.5,,0.0,,,,0.0,,0.0,,0.0,,0.0,,0.0,,0.0,,0.0,,0.0,,0.0,,0.0,,0.0,,0.0,,0.0,,0.0,,0.0,,0.0,,0.0,,,,,,152.5,,148.49942984497503,,148.49940793341435,4.000592066585661,,-2.191156067965494e-05,152.5,,0.0,0.0,0.0,0.0,0.0,0.0,0.0,0.0,0.0,0.0,152.5,148.5,4.0,,3.999999999999993,148.5,148.49999999999997,4.000000000000028,,4.000050944399798,148.4999490556002,-5.09443997600556e-05,1.0,0.0,152.5,148.500013434982,3.9999865650179913,3.9999224699372897,148.5000775300627,148.49994370819638,4.000056291803617,,4.000592066585661,148.49940793341435,148.49942984497503,-2.191156067965494e-05,4.000592066585661,148.49940793341435,148.49942984497503,-2.191156067965494e-05,4.000592066585654,-7.105427357601002e-15,,,,,,,,152.5,148.5,4.0,3.9999975540391115,148.5000024459609,148.5000042042056,3.999995795794405,4.000631469908979,148.49936853009103,-0.0006356741145623346,1.0,0.0,152.5,148.49940793341435,-2.191156067965494e-05,148.49940793341435,152.5,,148.49942984497503,,148.49940793341435,,4.000592066585661,,-2.191156067965494e-05,
2023-12-01,148.75,148.75,,,148.75,,,148.75,148.75,,148.75,,0.0,,,,0.0,,0.0,,0.0,,0.0,,0.0,,0.0,,0.0,,0.0,,0.0,,0.0,,0.0,,0.0,,0.0,,0.0,,0.0,,0.0,,0.0,,,,,,148.75,,148.74938971532623,,148.74824464256267,0.001755357437324608,,-0.0011450727635633484,148.75,,0.0,0.0,0.0,0.0,0.0,0.0,0.0,0.0,0.0,0.0,148.75,148.75,0.0,,-7.105427357601002e-15,148.75,148.74999999999997,2.842170943040401e-14,7.105427357601002e-15,2.944993015767956e-05,148.74997055006983,-2.9449930138980562e-05,1.0,0.0,148.75016121978396,148.75001343498198,0.00014778480198174293,0.0005917644041977501,148.74956945537977,148.7499144114742,8.558852580244842e-05,0.0002468083097539875,0.001755357437324608,148.74824464256267,148.74938971532623,-0.0011450727635633484,0.001755357437324608,148.74824464256267,148.74938971532623,-0.0011450727635633484,0.00175535743733235,7.741854032849993e-15,,,,,,,,148.75,148.75,0.0,-6.267402655246723e-06,148.75000626740265,148.7500053599029,-5.359902900181623e-06,0.0014234799317917471,148.7485765200682,-0.0014288398346877784,0.8871673507151571,-0.00016121978395153906,148.75,148.74824464256267,-0.0011450727635633484,148.74824464256267,148.75,,148.74938971532623,,148.74824464256267,,0.001755357437324608,,-0.0011450727635633484,
2024-01-01,147.0,147.0,,,147.0,,,147.0,147.0,,147.0,,0.0,,,,0.0,,0.0,,0.0,,0.0,,0.0,,0.0,,0.0,,0.0,,0.0,,0.0,,0.0,,0.0,,0.0,,0.0,,0.0,,0.0,,0.0,,,,,,147.0,,148.99967430647555,,149.00028757696595,-2.0002875769659525,,0.0006132704903905051,147.0,,0.0,0.0,0.0,0.0,0.0,0.0,0.0,0.0,0.0,0.0,147.0,149.0,-2.0,,-2.000000000000007,149.0,149.0,-2.0,,-1.9999705500698344,148.99997055006983,-2.9449930167402272e-05,1.0,0.0,147.0,149.00001343498198,-2.0000134349819803,-2.0000931632297347,149.00009316322974,148.99995409183515,-1.99995409183515,,-2.0002875769659525,149.00028757696595,148.99967430647555,0.0006132704903905051,-2.0002875769659525,149.00028757696595,148.99967430647555,0.0006132704903905051,-2.0002875769659454,7.105427357601002e-15,,,,,,,,147.0,149.0,-2.0,-2.000010654539879,149.0000106545399,149.00000836790832,-2.000008367908322,-2.0001945699646972,149.0001945699647,0.00018620205636921128,1.0,0.0,147.0,149.00028757696595,0.0006132704903905051,149.00028757696595,147.0,,148.99967430647555,,149.00028757696595,,-2.0002875769659525,,0.0006132704903905051,
2024-02-01,151.25,151.25,,,151.25,,,151.25,151.25,,151.25,,0.0,,,,0.0,,0.0,,0.0,,0.0,,0.0,,0.0,,0.0,,0.0,,0.0,,0.0,,0.0,,0.0,,0.0,,0.0,,0.0,,0.0,,0.0,,,,,,151.25,,149.2500562865473,,149.25027309386212,1.9997269061378784,,0.00021680731481410476,151.25,,0.0,0.0,0.0,0.0,0.0,0.0,0.0,0.0,0.0,0.0,151.25,149.24999999999997,2.0000000000000284,,2.000000000000021,149.24999999999997,149.24999999999997,2.0000000000000284,,2.0000294499301674,149.24997055006983,-2.9449930138980562e-05,1.0,0.0,151.25,149.25001343498198,1.9999865650180197,1.9999093310451497,149.25009066895484,149.2500454377392,1.9999545622607968,,1.9997269061378784,149.25027309386212,149.2500562865473,0.00021680731481410476,1.9997269061378784,149.25027309386212,149.2500562865473,0.00021680731481410476,1.9997269061378802,1.7763568394002505e-15,,,,,,,,151.25,149.24999999999997,2.0000000000000284,1.9999893454601492,149.25001065453986,149.25002258654703,1.9999774134529673,1.9997995407899116,149.25020045921008,0.0001778726630448091,1.0,0.0,151.25,149.25027309386212,0.00021680731481410476,149.25027309386212,151.25,,149.2500562865473,,149.25027309386212,,1.9997269061378784,,0.00021680731481410476,
2024-03-01,154.5,154.5,,,154.5,,,154.5,154.5,,154.5,,0.0,,,,0.0,,0.0,,0.0,,0.0,,0.0,,0.0,,0.0,,0.0,,0.0,,0.0,,0.0,,0.0,,0.0,,0.0,,0.0,,0.0,,0.0,,,,,,154.5,,149.50027374876672,,149.50022852820845,4.999771471791539,,-4.522055826328142e-05,154.5,,0.0,0.0,0.0,0.0,0.0,0.0,0.0,0.0,0.0,0.0,154.5,149.5,5.0,,4.999999999999993,149.5,149.5,5.0,,5.000032954105425,149.49996704589458,-3.2954105421367785e-05,1.0,0.0,154.5,149.50001343498198,4.99998656501802,4.999911825320013,149.50008817467997,149.50008815073795,4.999911849262048,,4.999771471791539,149.50022852820845,149.50027374876672,-4.522055826328142e-05,4.999771471791539,149.50022852820845,149.50027374876672,-4.522055826328142e-05,4.999771471791547,7.993605777301127e-15,,,,,,,,154.5,149.5,5.0,4.999982943103459,149.50001705689655,149.50002478150583,4.999975218494171,4.999807067490061,149.50019293250995,0.0001681510041180445,1.0,0.0,154.5,149.50022852820845,-4.522055826328142e-05,149.50022852820845,154.5,,149.50027374876672,,149.50022852820845,,4.999771471791539,,-4.522055826328142e-05,
2024-04-01,152.75,152.75,,,152.75,,,152.75,152.75,,152.75,,0.0,,,,0.0,,0.0,,0.0,,0.0,,0.0,,0.0,,0.0,,0.0,,0.0,,0.0,,0.0,,0.0,,0.0,,0.0,,0.0,,0.0,,0.0,,,,,,152.75,,149.7502593533994,,149.750180882909,2.9998191170909836,,-7.847049039355625e-05,152.75,,0.0,0.0,0.0,0.0,0.0,0.0,0.0,0.0,0.0,0.0,152.75,149.75,3.0,,2.999999999999993,149.75,149.75,3.0,,3.0000433678174137,149.74995663218257,-4.336781742608764e-05,1.0,0.0,152.75,149.75001343498198,2.9999865650180197,2.9999143195948874,149.7500856804051,149.75004274570398,2.999957254296021,,2.9998191170909836,149.750180882909,149.7502593533994,-7.847049039355625e-05,2.9998191170909836,149.750180882909,149.7502593533994,-7.847049039355625e-05,2.9998191170909934,9.769962616701378e-15,,,,,,,,152.75,149.75,3.0,2.9999631017410424,149.75003689825897,149.75000573409696,2.999994265903041,2.9998223855336303,149.75017761446637,0.00017188036940751772,1.0,0.0,152.75,149.750180882909,-7.847049039355625e-05,149.750180882909,152.75,,149.7502593533994,,149.750180882909,,2.9998191170909836,,-7.847049039355625e-05,
2024-05-01,150.0,150.0,,,150.0,,,150.0,150.0,,150.0,,0.0,,,,0.0,,0.0,,0.0,,0.0,,0.0,,0.0,,0.0,,0.0,,0.0,,0.0,,0.0,,0.0,,0.0,,0.0,,0.0,,0.0,,0.0,,,,,,150.0,,150.00019172415568,,150.00017441384992,-0.00017441384990963816,,-1.7310305764794975e-05,150.0,,0.0,0.0,0.0,0.0,0.0,0.0,0.0,0.0,0.0,0.0,150.0,150.0,0.0,,-7.049916206369744e-15,150.0,150.0,0.0,,4.968028552765347e-05,149.9999503197145,-4.96802855138867e-05,1.0,0.0,150.0,150.000013434982,-1.3434982008675433e-05,-2.1117014461323623e-05,150.00002111701446,149.99996591826925,3.4081730746038374e-05,,-0.00017441384990963816,150.00017441384992,150.00019172415568,-1.7310305764794975e-05,-0.00017441384990963816,150.00017441384992,150.00019172415568,-1.7310305764794975e-05,-0.00017441384991911946,-9.481293788277112e-15,,,,,,,,150.0,150.0,0.0,-3.441374906855883e-05,150.00003441374906,149.99997716656645,2.283343354747558e-05,-0.0001767245041643939,150.00017672450417,0.000199557937719419,1.0,0.0,150.0,150.00017441384992,-1.7310305764794975e-05,150.00017441384992,150.0,,150.00019172415568,,150.00017441384992,,-0.00017441384990963816,,-1.7310305764794975e-05,
2024-06-01,147.25,147.25,,,147.25,,,147.25,147.25,,147.25,,0.0,,,,0.0,,0.0,,0.0,,0.0,,0.0,,0.0,,0.0,,0.0,,0.0,,0.0,,0.0,,0.0,,0.0,,0.0,,0.0,,0.0,,0.0,,,,,,147.25,,150.25030569577282,,150.25023493299315,-3.000234932993165,,-7.076277967144051e-05,147.25,,0.0,0.0,0.0,0.0,0.0,0.0,0.0,0.0,0.0,0.0,147.25,150.25,-3.0,,-3.000000000000007,150.25,150.25,-3.0,,-2.9999509167830802,150.2499509167831,-4.908321690777484e-05,1.0,0.0,147.25,150.25010605625064,-3.000106056250644,-2.9997026210832933,150.2497026210833,150.2499589726175,-2.999958972617492,,-3.000234932993165,150.25023493299315,150.25030569577282,-7.076277967144051e-05,-3.000234932993165,150.25023493299315,150.25030569577282,-7.076277967144051e-05,-3.000234932993152,1.2878587085651816e-14,,,,,,,,147.25,150.25,-3.0,-2.999826394776486,150.24982639477648,150.24995905729338,-2.999959057293381,-3.0002226045960256,150.25022260459602,0.0002635473026373347,1.0,0.0,147.25,150.25023493299315,-7.076277967144051e-05,150.25023493299315,147.25,,150.25030569577282,,150.25023493299315,,-3.000234932993165,,-7.076277967144051e-05,
2024-07-01,145.5,145.5,,,145.5,,,145.5,145.5,,145.5,,0.0,,,,0.0,,0.0,,0.0,,0.0,,0.0,,0.0,,0.0,,0.0,,0.0,,0.0,,0.0,,0.0,,0.0,,0.0,,0.0,,0.0,,0.0,,,,,,145.5,,150.50049142472557,,150.5003732097204,-5.000373209720411,,-0.00011821500515907246,145.5,,0.0,0.0,0.0,0.0,0.0,0.0,0.0,0.0,0.0,0.0,145.5,150.5,-5.0,,-5.000000000000007,150.5,150.5,-5.0,,-4.999950916783057,150.49995091678306,-4.908321693619655e-05,1.0,0.0,145.5,150.5001986775193,-5.0001986775193075,-5.00013806017747,150.50013806017748,150.5000098494153,-5.0000098494153065,,-5.000373209720411,150.5003732097204,150.50049142472557,-0.00011821500515907246,-5.000373209720411,150.5003732097204,150.50049142472557,-0.00011821500515907246,-5.000373209720408,3.552713678800501e-15,,,,,,,,145.5,150.5,-5.0,-5.000010654539879,150.5000106545399,150.4999639112084,-4.999963911208397,-5.000314548470019,150.50031454847002,0.00035063726161865816,1.0,0.0,145.5,150.5003732097204,-0.00011821500515907246,150.5003732097204,145.5,,150.50049142472557,,150.5003732097204,,-5.000373209720411,,-0.00011821500515907246,
2024-08-01,146.75,146.75,,,146.75,,,146.75,146.75,,146.75,,0.0,,,,0.0,,0.0,,0.0,,0.0,,0.0,,0.0,,0.0,,0.0,,0.0,,0.0,,0.0,,0.0,,0.0,,0.0,,0.0,,0.0,,0.0,,,,,,146.75,,150.75052549040558,,150.75065153094127,-4.000651530941276,,0.00012604053569020834,146.75,,0.0,0.0,0.0,0.0,0.0,0.0,0.0,0.0,0.0,0.0,146.75,150.74999999999997,-3.9999999999999716,,-3.9999999999999787,150.74999999999997,150.74999999999997,-3.9999999999999716,,-3.9999509167830394,150.74995091678304,-4.908321693619655e-05,1.0,0.0,146.75,150.7501986775193,-4.0001986775193075,-4.00013556590259,150.75013556590258,150.75003191889147,-4.000031918891466,,-4.000651530941276,150.75065153094127,150.75052549040558,0.00012604053569020834,-4.000651530941276,150.75065153094127,150.75052549040558,0.00012604053569020834,-4.000651530941269,7.105427357601002e-15,,,,,,,,146.75,150.74999999999997,-3.9999999999999716,-4.00001065453985,150.75001065453986,150.74998732289427,-3.9999873228942704,-4.000563369247925,150.7505633692479,0.000576046353643278,1.0,0.0,146.75,150.75065153094127,0.00012604053569020834,150.75065153094127,146.75,,150.75052549040558,,150.75065153094127,,-4.000651530941276,,0.00012604053569020834,
2024-09-01,150.0,150.0,,,150.0,,,150.0,150.0,,150.0,,0.0,,,,0.0,,0.0,,0.0,,0.0,,0.0,,0.0,,0.0,,0.0,,0.0,,0.0,,0.0,,0.0,,0.0,,0.0,,0.0,,0.0,,0.0,,,,,,150.0,,151.000273192876,,151.00067080646429,-1.0006708064642953,,0.00039761358829082383,150.0,,0.0,0.0,0.0,0.0,0.0,0.0,0.0,0.0,0.0,0.0,150.0,151.0,-1.0,,-1.000000000000007,151.0,150.99999999999997,-0.9999999999999716,,-1.000161167299059,151.00016116729907,0.00016116729909754213,1.0,0.0,150.0,151.0001986775193,-1.0001986775193075,-1.0001330716277328,151.00013307162774,151.00012847432228,-1.0001284743222811,,-1.0006708064642953,151.00067080646429,151.000273192876,0.00039761358829082383,-1.0006708064642953,151.00067080646429,151.000273192876,0.00039761358829082383,-1.000670806464285,1.021405182655144e-14,,,,,,,,150.0,151.0,-1.0,-1.0000105021028156,151.0000105021028,151.00001087050748,-1.0000108705074808,-1.0006040799582103,151.0006040799582,0.0005932094507272723,1.0,0.0,150.0,151.00067080646429,0.00039761358829082383,151.00067080646429,150.0,,151.000273192876,,151.00067080646429,,-1.0006708064642953,,0.00039761358829082383,
2024-10-01,152.25,152.25,,,152.25,,,152.25,152.25,,152.25,,0.0,,,,0.0,,0.0,,0.0,,0.0,,0.0,,0.0,,0.0,,0.0,,0.0,,0.0,,0.0,,0.0,,0.0,,0.0,,0.0,,0.0,,0.0,,,,,,152.25,,151.24988615747594,,151.2499186825625,1.0000813174374925,,3.252508656714781e-05,152.25,,0.0,0.0,0.0,0.0,0.0,0.0,0.0,0.0,0.0,0.0,152.25,151.24999999999997,1.0000000000000284,,1.0000000000000213,151.24999999999997,151.24999999999997,1.0000000000000284,,0.9996345110136313,151.25036548898638,0.0003654889864037614,1.0,0.0,152.25,151.2501986775193,0.9998013224806925,0.9998694226471583,151.25013057735285,151.25030905847993,0.9996909415200719,,1.0000813174374925,151.2499186825625,151.24988615747594,3.252508656714781e-05,1.0000813174374925,151.2499186825625,151.24988615747594,3.252508656714781e-05,1.0000813174374912,-1.3322676295501878e-15,,,,,,,,152.25,151.24999999999997,1.0000000000000284,0.9999902751847304,151.25000972481527,151.25001736012075,0.9999826398792493,0.9999080690121406,151.25009193098785,7.457086709905525e-05,1.0,0.0,152.25,151.2499186825625,3.252508656714781e-05,151.2499186825625,152.25,,151.24988615747594,,151.2499186825625,,1.0000813174374925,,3.252508656714781e-05,
2024-11-01,155.5,155.5,,,155.5,,,155.5,155.5,,155.5,,0.0,,,,0.0,,0.0,,0.0,,0.0,,0.0,,0.0,,0.0,,0.0,,0.0,,0.0,,0.0,,0.0,,0.0,,0.0,,0.0,,0.0,,0.0,,,,,,155.5,,151.49964825932832,,151.49897594477846,4.001024055221521,,-0.0006723145498597205,155.5,,0.0,0.0,0.0,0.0,0.0,0.0,0.0,0.0,0.0,0.0,155.5,151.5,4.0,,3.999999999999993,151.5,151.5,4.0,,4.00008490733299,151.499915092667,-8.490733299026942e-05,1.0,0.0,155.5,151.5001986775193,3.9998013224806925,3.999870439085925,151.50012956091408,151.50049196661857,3.9995080333814315,,4.001024055221521,151.49897594477846,151.49964825932832,-0.0006723145498597205,4.001024055221521,151.49897594477846,151.49964825932832,-0.0006723145498597205,4.001024055221535,1.4210854715202004e-14,,,,,,,,155.5,151.5,4.0,3.9999914657306133,151.5000085342694,151.50000984575635,3.9999901542436476,4.001053361996472,151.49894663800353,-0.0010632077528214268,1.0,0.0,155.5,151.49897594477846,-0.0006723145498597205,151.49897594477846,155.5,,151.49964825932832,,151.49897594477846,,4.001024055221521,,-0.0006723145498597205,
2024-12-01,151.75,151.75,,,151.75,,,151.75,151.75,,151.75,,0.0,,,,0.0,,0.0,,0.0,,0.0,,0.0,,0.0,,0.0,,0.0,,0.0,,0.0,,0.0,,0.0,,0.0,,0.0,,0.0,,0.0,,0.0,,,,,,151.75,,151.74973106071647,,151.74731549587216,0.002684504127848295,,-0.002415564844312712,151.75,,0.0,0.0,0.0,0.0,0.0,0.0,0.0,0.0,0.0,0.0,151.75,151.75,0.0,,-7.105427357601002e-15,151.75,151.75,0.0,7.105427357601002e-15,4.908321693390364e-05,151.74995091678306,-4.908321693619655e-05,1.0,0.0,151.75238413023177,151.7501986775193,0.002185452712467395,0.0008983559345738307,151.7514857742972,151.750581533702,-0.000581533701989656,0.0018025965297852053,0.002684504127848295,151.74731549587216,151.74973106071647,-0.002415564844312712,0.002684504127848295,151.74731549587216,151.74973106071647,-0.002415564844312712,0.0026845041278420467,-6.248473960468459e-15,,,,,,,,151.75,151.75,0.0,-1.2355711153516635e-05,151.75001235571116,151.75000933418795,-9.334187950571504e-06,0.002374796043833046,151.74762520395618,-0.0023841302317748614,0.0,-0.0023841302317748614,151.7524155648443,151.74973106071647,0.0,151.74731549587216,151.75,,151.74973106071647,,151.74731549587216,,0.002684504127848295,,-0.002415564844312712,
2025-01-01,,,150.0,0.0,,150.0,0.0,,,150.0,,150.0,,0.0,150.0,,,0.0,,0.0,,0.0,,0.0,,0.0,,0.0,,0.0,,0.0,,0.0,,0.0,,0.0,,0.0,,0.0,,0.0,,0.0,,0.0,,150.0,,150.0,,0.0,,150.0,,152.00005338194552,,,-2.000426523017914,,,150.0,0.0,0.0,0.0,0.0,0.0,0.0,0.0,0.0,0.0,0.0,150.0,152.0,-2.0,,-2.000000000000007,152.0,151.99999999999997,-1.9999999999999716,,-1.9999509167830567,151.99995091678306,-4.908321690777484e-05,1.0,0.0,,,,,,,,,,,,,,,,,,,-2.000426523017914,-2.000426523017914,152.00042652301792,152.00042652301792,152.00005338194552,152.00005338194552,-2.0004265230179215,150.0,152.0,-2.0,-2.0000123557111533,152.00001235571116,152.0000112687428,-2.00001126874281,-2.0003202469094306,152.00032024690944,0.0003089781666290037,1.0,0.0,,,,,,150.0,,152.00005338194552,,152.00042652301792,,-2.000426523017914,,0.00037314107240149497
2025-02-01,,,154.25,0.0,,154.25,0.0,,,154.25,,154.25,,0.0,154.25,,,0.0,,0.0,,0.0,,0.0,,0.0,,0.0,,0.0,,0.0,,0.0,,0.0,,0.0,,0.0,,0.0,,0.0,,0.0,,0.0,,154.25,,154.25,,0.0,,154.25,,152.2503506650607,,,1.9995851846355572,,,154.25,0.0,0.0,0.0,0.0,0.0,0.0,0.0,0.0,0.0,0.0,154.25,152.24999999999997,2.0000000000000284,,2.0000000000000213,152.24999999999997,152.24999999999997,2.0000000000000284,,2.0000490832169433,152.24995091678306,-4.908321690777484e-05,1.0,0.0,,,,,,,,,,,,,,,,,,,1.9995851846355572,1.9995851846355572,152.25041481536445,152.25041481536445,152.2503506650607,152.2503506650607,1.9995851846355492,154.25,152.24999999999997,2.0000000000000284,1.9999876442888749,152.25001235571114,152.25003149115005,1.9999685088499461,1.9996695115026701,152.25033048849733,0.00029899734727223404,1.0,0.0,,,,,,154.25,,152.2503506650607,,152.25041481536445,,1.9995851846355572,,6.41503037570601e-05
2025-03-01,,,157.5,0.0,,157.5,0.0,,,157.5,,157.5,,0.0,157.5,,,0.0,,0.0,,0.0,,0.0,,0.0,,0.0,,0.0,,0.0,,0.0,,0.0,,0.0,,0.0,,0.0,,0.0,,0.0,,0.0,,157.5,,157.5,,0.0,,157.5,,152.5004274502257,,,4.999627556035401,,,157.5,0.0,0.0,0.0,0.0,0.0,0.0,0.0,0.0,0.0,0.0,157.5,152.5,5.0,,4.999999999999993,152.5,152.49999999999997,5.000000000000028,,5.000050251275357,152.49994974872465,-5.0251275325763345e-05,1.0,0.0,,,,,,,,,,,,,,,,,,,4.999627556035401,4.999627556035401,152.5003724439646,152.5003724439646,152.5004274502257,152.5004274502257,4.999627556035392,157.5,152.50002469480427,4.999975305195733,4.999977583442663,152.50002241655733,152.50003418676368,4.999965813236315,4.999670817752328,152.50032918224767,0.0002949954839834845,1.0,0.0,,,,,,157.5,,152.5004274502257,,152.5003724439646,,4.999627556035401,,-5.500626107846074e-05
2025-04-01,,,155.75,0.0,,155.75,0.0,,,155.75,,155.75,,0.0,155.75,,,0.0,,0.0,,0.0,,0.0,,0.0,,0.0,,0.0,,0.0,,0.0,,0.0,,0.0,,0.0,,0.0,,0.0,,0.0,,0.0,,155.75,,155.75,,0.0,,155.75,,152.75033860545636,,,2.999683864914938,,,155.75,0.0,0.0,0.0,0.0,0.0,0.0,0.0,0.0,0.0,0.0,155.75,152.75,3.0,,2.999999999999993,152.75,152.74999999999997,3.0000000000000284,,3.0000537225126864,152.7499462774873,-5.372251266066996e-05,1.0,0.0,,,,,,,,,,,,,,,,,,,2.999683864914938,2.999683864914938,152.75031613508506,152.75031613508506,152.75033860545636,152.75033860545636,2.9996838649149424,155.75,152.7501012257736,2.999898774226409,2.999946404158865,152.75005359584114,152.75000442890573,2.9999955710942743,2.999687367730448,152.75031263226956,0.0003082033638293069,1.0,0.0,,,,,,155.75,,152.75033860545636,,152.75031613508506,,2.999683864914938,,-2.2470371305871595e-05
2025-05-01,,,153.0,0.0,,153.0,0.0,,,153.0,,153.0,,0.0,153.0,,,0.0,,0.0,,0.0,,0.0,,0.0,,0.0,,0.0,,0.0,,0.0,,0.0,,0.0,,0.0,,0.0,,0.0,,0.0,,0.0,,153.0,,153.0,,0.0,,153.0,,153.00029087658436,,,-0.00028311197850012794,,,153.0,0.0,0.0,0.0,0.0,0.0,0.0,0.0,0.0,0.0,0.0,153.0,153.0,0.0,,-7.105427357601002e-15,153.0,153.00000000000003,-2.842170943040401e-14,,5.582666871883912e-05,152.99994417333127,-5.582666875625364e-05,1.0,0.0,,,,,,,,,,,,,,,,,,,-0.00028311197850012794,-0.00028311197850012794,153.0002831119785,153.0002831119785,153.00029087658436,153.00029087658436,-0.0002831119784900693,153.0,153.00009164266402,-9.164266401739951e-05,-4.969161130875347e-05,153.0000496916113,152.99993547664317,6.452335682638477e-05,-0.00029033642258421424,153.00029033642258,0.00035485977940652447,1.0,0.0,,,,,,153.0,,153.00029087658436,,153.0002831119785,,-0.00028311197850012794,,-7.764605868487706e-06
2025-06-01,,,150.25,0.0,,150.25,0.0,,,150.25,,150.25,,0.0,150.25,,,0.0,,0.0,,0.0,,0.0,,0.0,,0.0,,0.0,,0.0,,0.0,,0.0,,0.0,,0.0,,0.0,,0.0,,0.0,,0.0,,150.25,,150.25,,0.0,,150.25,,153.25038164988726,,,-3.0002986110811807,,,150.25,0.0,0.0,0.0,0.0,0.0,0.0,0.0,0.0,0.0,0.0,150.25,153.25,-3.0,,-3.000000000000007,153.25,153.25000000000003,-3.0000000000000284,,-2.999944372354156,153.24994437235415,-5.562764587807578e-05,1.0,0.0,,,,,,,,,,,,,,,,,,,-3.0002986110811807,-3.0002986110811807,153.25029861108118,153.25029861108118,153.25038164988726,153.25038164988726,-3.0002986110811776,150.25,153.24928928376977,-2.9992892837697696,-2.9997228046543927,153.2497228046544,153.2498741683287,-2.999874168328688,-3.0002881741452274,153.25028817414523,0.00041400581653761037,1.0,0.0,,,,,,150.25,,153.25038164988726,,153.25029861108118,,-3.0002986110811807,,-8.303880608195868e-05
2025-07-01,,,148.5,0.0,,148.5,0.0,,,148.5,,148.5,,0.0,148.5,,,0.0,,0.0,,0.0,,0.0,,0.0,,0.0,,0.0,,0.0,,0.0,,0.0,,0.0,,0.0,,0.0,,0.0,,0.0,,0.0,,148.5,,148.5,,0.0,,148.5,,153.5007921842036,,,-5.000405458964344,,,148.5,0.0,0.0,0.0,0.0,0.0,0.0,0.0,0.0,0.0,0.0,148.5,,,,-5.000000000000007,153.5,153.49999999999997,-4.999999999999972,,-4.999944372354135,153.49994437235412,-5.562764584965407e-05,1.0,0.0,,,,,,,,,,,,,,,,,,,-5.000405458964344,-5.000405458964344,153.50040545896434,153.50040545896434,153.5007921842036,153.5007921842036,-5.000405458964337,148.5,,,-5.000010654539879,153.5000106545399,153.5000556871564,-5.00005568715639,-5.000341579613999,153.500341579614,0.0002858924576116806,1.0,0.0,,,,,,148.5,,153.5007921842036,,153.50040545896434,,-5.000405458964344,,-0.00038672523925242785
2025-08-01,,,149.75,0.0,,149.75,0.0,,,149.75,,149.75,,0.0,149.75,,,0.0,,0.0,,0.0,,0.0,,0.0,,0.0,,0.0,,0.0,,0.0,,0.0,,0.0,,0.0,,0.0,,0.0,,0.0,,0.0,,149.75,,149.75,,0.0,,149.75,,153.75179757549944,,,-4.0007209635812995,,,149.75,0.0,0.0,0.0,0.0,0.0,0.0,0.0,0.0,0.0,0.0,149.75,,,,-3.9999999999999787,153.74999999999997,153.74999999999994,-3.999999999999943,,-3.9999443723541117,153.74994437235412,-5.562764582123236e-05,1.0,0.0,,,,,,,,,,,,,,,,,,,-4.0007209635812995,-4.0007209635812995,153.7507209635813,153.7507209635813,153.75179757549944,153.75179757549944,-4.000720963581301,149.75,,,-4.00001065453985,153.75001065453986,153.75101831488223,-4.001018314882231,-4.000623724397549,153.75062372439754,-0.00039459048468870606,1.0,0.0,,,,,,149.75,,153.75179757549944,,153.7507209635813,,-4.0007209635812995,,-0.001076611918136905
2025-09-01,,,153.0,0.0,,153.0,0.0,,,153.0,,153.0,,0.0,153.0,,,0.0,,0.0,,0.0,,0.0,,0.0,,0.0,,0.0,,0.0,,0.0,,0.0,,0.0,,0.0,,0.0,,0.0,,0.0,,0.0,,153.0,,153.0,,0.0,,153.0,,154.00143938368998,,,-1.0007443560788276,,,153.0,0.0,0.0,0.0,0.0,0.0,0.0,0.0,0.0,0.0,0.0,153.0,,,,-1.000000000000007,154.0,154.000841002064,-1.0008410020639928,,-1.000182656272267,154.00018265627227,-0.000658345791720194,0.09975075450980161,-0.0005926753022677519,,,,,,,,,,,,,,,,,,,-1.0007443560788276,-1.0007443560788276,154.00074435607883,154.00074435607883,154.00143938368998,154.00143938368998,-1.000744356078826,153.00059267530227,,,-1.0000105021028156,154.00060317740508,154.00174170115565,-1.0011490258533797,-1.000670099867997,154.000670099868,-0.0010716012876628156,1.0,0.0,,,,,,153.0,,154.00143938368998,,154.00074435607883,,-1.0007443560788276,,-0.0006950276111581388
2025-10-01,,,155.25,0.0,,155.25,0.0,,,155.25,,155.25,,0.0,155.25,,,0.0,,0.0,,0.0,,0.0,,0.0,,0.0,,0.0,,0.0,,0.0,,0.0,,0.0,,0.0,,0.0,,0.0,,0.0,,0.0,,155.25,,155.25,,0.0,,155.25,,154.2477383860228,,,1.000105055463892,,,155.25,0.0,0.0,0.0,0.0,0.0,0.0,0.0,0.0,0.0,0.0,155.25,,,,1.0000000000000213,154.24999999999997,154.25165828881325,0.9983417111867539,,0.9995857791487817,154.2504142208512,-0.0012440679620340234,0.0,-0.0012440679620340234,,,,,,,,,,,,,,,,,,,1.000105055463892,1.000105055463892,154.2498949445361,154.2498949445361,154.2477383860228,154.2477383860228,1.000105055463905,155.25124406796203,,,0.9999902751847304,154.2512537927773,154.25033593430027,1.000908133661767,0.9999101970217477,154.25008980297827,-0.0002461313220010197,1.0,0.0,,,,,,155.25,,154.2477383860228,,154.2498949445361,,1.000105055463892,,0.002156558513291884
2025-11-01,,,158.5,0.0,,158.5,0.0,,,158.5,,158.5,,0.0,158.5,,,0.0,,0.0,,0.0,,0.0,,0.0,,0.0,,0.0,,0.0,,0.0,,0.0,,0.0,,0.0,,0.0,,0.0,,0.0,,0.0,,158.5,,158.5,,0.0,,158.5,,154.48740716487822,,,4.001170819890074,,,158.5,0.0,0.0,0.0,0.0,0.0,0.0,0.0,0.0,0.0,0.0,158.5,,,,3.999999999999993,154.5,154.49842970909694,4.001570290903061,4.0001432964641985,4.000096228310721,154.49990377168928,0.0014740625923366224,0.0,0.0014740625923366224,,,,,,,,,,,,,,,,,,,4.001170819890074,4.001170819890074,154.49882918010994,154.49882918010994,154.48740716487822,154.48740716487822,4.0011708198900635,158.49852593740766,,,3.9999914657306133,154.49853447167706,154.49304581122632,4.0054801261813395,4.001208362054991,154.498791637945,0.005745826718680291,0.0,0.005745826718680291,,,,,,158.5,,154.48740716487822,,154.49882918010994,,4.001170819890074,,0.011422015231715932
2025-12-01,,,154.75,0.0,,154.75,0.0,,,154.75,,154.75,,0.0,154.75,,,0.0,,0.0,,0.0,,0.0,,0.0,,0.0,,0.0,,0.0,,0.0,,0.0,,0.0,,0.0,,0.0,,0.0,,0.0,,0.0,,154.75,,154.75,,0.0,,154.75,,154.71231809788137,,,0.003051991427533833,,,154.75,0.0,0.0,0.0,0.0,0.0,0.0,0.0,0.0,0.0,0.0,154.75,,,,-7.105427357601002e-15,154.75,154.73216182148477,0.01783817851523395,7.105427357601002e-15,5.562764585963316e-05,154.74994437235415,0.017782550869384295,0.0,0.017782550869384295,,,,,,,,,,,,,,,,,,,0.003051991427533833,0.003051991427533833,154.74694800857247,154.74694800857247,154.71231809788137,154.71231809788137,0.0030519914275259907,154.73221744913062,,,-1.2355711153516635e-05,154.73222980484178,154.72144853790388,0.010768911226733735,0.0027064966264878703,154.7472935033735,0.025844965469616454,0.0,0.025844965469616454,,,,,,154.75,,154.71231809788137,,154.74694800857247,,0.003051991427533833,,0.03462991069110899
2026-01-01,,,,,,,,,,,,,,,,,,,,,,,,,,,,,,,,,,,,,,,,,,,,,,,,,,153.0,,153.0,,0.0,,,,,,,,,,,,,,,,,,,,,,,,,,,,,,,,,,,,,,,,,,,,,,,,,,,,,,,,,,,,,,,,,,,,,,,,,,,,,,,,,,,,,
2026-02-01,,,,,,,,,,,,,,,,,,,,,,,,,,,,,,,,,,,,,,,,,,,,,,,,,,157.25,,157.25,,0.0,,,,,,,,,,,,,,,,,,,,,,,,,,,,,,,,,,,,,,,,,,,,,,,,,,,,,,,,,,,,,,,,,,,,,,,,,,,,,,,,,,,,,
2026-03-01,,,,,,,,,,,,,,,,,,,,,,,,,,,,,,,,,,,,,,,,,,,,,,,,,,160.5,,160.5,,0.0,,,,,,,,,,,,,,,,,,,,,,,,,,,,,,,,,,,,,,,,,,,,,,,,,,,,,,,,,,,,,,,,,,,,,,,,,,,,,,,,,,,,,
2026-04-01,,,,,,,,,,,,,,,,,,,,,,,,,,,,,,,,,,,,,,,,,,,,,,,,,,158.75,,158.75,,0.0,,,,,,,,,,,,,,,,,,,,,,,,,,,,,,,,,,,,,,,,,,,,,,,,,,,,,,,,,,,,,,,,,,,,,,,,,,,,,,,,,,,,,
2026-05-01,,,,,,,,,,,,,,,,,,,,,,,,,,,,,,,,,,,,,,,,,,,,,,,,,,156.0,,156.0,,0.0,,,,,,,,,,,,,,,,,,,,,,,,,,,,,,,,,,,,,,,,,,,,,,,,,,,,,,,,,,,,,,,,,,,,,,,,,,,,,,,,,,,,,
2026-06-01,,,,,,,,,,,,,,,,,,,,,,,,,,,,,,,,,,,,,,,,,,,,,,,,,,153.25,,153.25,,0.0,,,,,,,,,,,,,,,,,,,,,,,,,,,,,,,,,,,,,,,,,,,,,,,,,,,,,,,,,,,,,,,,,,,,,,,,,,,,,,,,,,,,,
2026-07-01,,,,,,,,,,,,,,,,,,,,,,,,,,,,,,,,,,,,,,,,,,,,,,,,,,151.5,,151.5,,0.0,,,,,,,,,,,,,,,,,,,,,,,,,,,,,,,,,,,,,,,,,,,,,,,,,,,,,,,,,,,,,,,,,,,,,,,,,,,,,,,,,,,,,
2026-08-01,,,,,,,,,,,,,,,,,,,,,,,,,,,,,,,,,,,,,,,,,,,,,,,,,,152.75,,152.75,,0.0,,,,,,,,,,,,,,,,,,,,,,,,,,,,,,,,,,,,,,,,,,,,,,,,,,,,,,,,,,,,,,,,,,,,,,,,,,,,,,,,,,,,,
2026-09-01,,,,,,,,,,,,,,,,,,,,,,,,,,,,,,,,,,,,,,,,,,,,,,,,,,156.0,,156.0,,0.0,,,,,,,,,,,,,,,,,,,,,,,,,,,,,,,,,,,,,,,,,,,,,,,,,,,,,,,,,,,,,,,,,,,,,,,,,,,,,,,,,,,,,
2026-10-01,,,,,,,,,,,,,,,,,,,,,,,,,,,,,,,,,,,,,,,,,,,,,,,,,,158.25,,158.25,,0.0,,,,,,,,,,,,,,,,,,,,,,,,,,,,,,,,,,,,,,,,,,,,,,,,,,,,,,,,,,,,,,,,,,,,,,,,,,,,,,,,,,,,,
2026-11-01,,,,,,,,,,,,,,,,,,,,,,,,,,,,,,,,,,,,,,,,,,,,,,,,,,161.5,,161.5,,0.0,,,,,,,,,,,,,,,,,,,,,,,,,,,,,,,,,,,,,,,,,,,,,,,,,,,,,,,,,,,,,,,,,,,,,,,,,,,,,,,,,,,,,
2026-12-01,,,,,,,,,,,,,,,,,,,,,,,,,,,,,,,,,,,,,,,,,,,,,,,,,,157.75,,157.75,,0.0,,,,,,,,,,,,,,,,,,,,,,,,,,,,,,,,,,,,,,,,,,,,,,,,,,,,,,,,,,,,,,,,,,,,,,,,,,,,,,,,,,,,,
